CREATE TABLE IF NOT EXISTS products (
  id INT AUTO_INCREMENT PRIMARY KEY,
  sku VARCHAR(100) UNIQUE NOT NULL,
  name VARCHAR(255) NOT NULL,
  description TEXT,
  price DECIMAL(10, 2) NOT NULL,
  cost DECIMAL(10, 2) NOT NULL DEFAULT 0,
  stock INT NOT NULL DEFAULT 0,
  reserved INT NOT NULL DEFAULT 0,
  category VARCHAR(100),
  weight_grams INT,
  is_active BOOLEAN DEFAULT true,
  created_at TIMESTAMP DEFAULT CURRENT_TIMESTAMP,
  updated_at TIMESTAMP DEFAULT CURRENT_TIMESTAMP ON UPDATE CURRENT_TIMESTAMP
);

CREATE TABLE IF NOT EXISTS shipments (
  id INT AUTO_INCREMENT PRIMARY KEY,
  order_ref VARCHAR(100) NOT NULL,
  user_email VARCHAR(255) NOT NULL,
  carrier VARCHAR(100) NOT NULL,
  tracking_number VARCHAR(255),
  status VARCHAR(50) NOT NULL DEFAULT 'pending',
  weight_grams INT,
  package_count INT DEFAULT 1,
  destination_street VARCHAR(255),
  destination_city VARCHAR(100),
  destination_state VARCHAR(50),
  destination_zip VARCHAR(10),
  destination_country VARCHAR(2) DEFAULT 'US',
  estimated_delivery DATE,
  actual_delivery TIMESTAMP NULL,
  shipping_cost_cents INT DEFAULT 0,
  insurance_cents INT DEFAULT 0,
  signature_required BOOLEAN DEFAULT false,
  notes TEXT,
  created_at TIMESTAMP DEFAULT CURRENT_TIMESTAMP,
  updated_at TIMESTAMP DEFAULT CURRENT_TIMESTAMP ON UPDATE CURRENT_TIMESTAMP
);

CREATE TABLE IF NOT EXISTS notifications (
  id INT AUTO_INCREMENT PRIMARY KEY,
  recipient VARCHAR(255) NOT NULL,
  channel VARCHAR(50) NOT NULL,
  subject VARCHAR(500),
  body TEXT,
  template VARCHAR(100),
  metadata JSON,
  status VARCHAR(50) NOT NULL DEFAULT 'queued',
  priority INT DEFAULT 5,
  retry_count INT DEFAULT 0,
  max_retries INT DEFAULT 3,
  error_message TEXT,
  sent_at TIMESTAMP NULL,
  delivered_at TIMESTAMP NULL,
  opened_at TIMESTAMP NULL,
  clicked_at TIMESTAMP NULL,
  created_at TIMESTAMP DEFAULT CURRENT_TIMESTAMP
);

CREATE TABLE IF NOT EXISTS shipment_events (
  id INT AUTO_INCREMENT PRIMARY KEY,
  shipment_id INT NOT NULL,
  event_type VARCHAR(50) NOT NULL,
  location VARCHAR(255),
  description TEXT,
  event_timestamp TIMESTAMP NOT NULL,
  created_at TIMESTAMP DEFAULT CURRENT_TIMESTAMP,
  FOREIGN KEY (shipment_id) REFERENCES shipments(id)
);

CREATE TABLE IF NOT EXISTS returns (
  id INT AUTO_INCREMENT PRIMARY KEY,
  order_ref VARCHAR(100) NOT NULL,
  user_email VARCHAR(255) NOT NULL,
  reason VARCHAR(100) NOT NULL,
  reason_detail TEXT,
  status VARCHAR(50) NOT NULL DEFAULT 'requested',
  refund_amount_cents INT NOT NULL DEFAULT 0,
  refund_method VARCHAR(50),
  return_tracking VARCHAR(255),
  return_carrier VARCHAR(100),
  items JSON,
  approved_by VARCHAR(255),
  approved_at TIMESTAMP NULL,
  received_at TIMESTAMP NULL,
  refunded_at TIMESTAMP NULL,
  created_at TIMESTAMP DEFAULT CURRENT_TIMESTAMP,
  updated_at TIMESTAMP DEFAULT CURRENT_TIMESTAMP ON UPDATE CURRENT_TIMESTAMP
);

CREATE TABLE IF NOT EXISTS warehouse_inventory (
  id INT AUTO_INCREMENT PRIMARY KEY,
  sku VARCHAR(100) NOT NULL,
  warehouse_code VARCHAR(20) NOT NULL,
  quantity INT NOT NULL DEFAULT 0,
  aisle VARCHAR(10),
  shelf VARCHAR(10),
  bin VARCHAR(10),
  last_counted_at TIMESTAMP NULL,
  last_received_at TIMESTAMP NULL,
  UNIQUE KEY uk_sku_warehouse (sku, warehouse_code)
);

-- Products (30)
INSERT INTO products (sku, name, description, price, cost, stock, reserved, category, weight_grams, is_active) VALUES
  ('WDG-001', 'Standard Widget', 'A reliable everyday widget', 9.99, 4.50, 500, 12, 'widgets', 150, true),
  ('WDG-002', 'Premium Widget', 'Our finest widget with enhanced features', 24.99, 11.00, 200, 5, 'widgets', 200, true),
  ('WDG-003', 'Mini Widget', 'Compact and portable', 4.99, 2.00, 1000, 30, 'widgets', 80, true),
  ('WDG-004', 'Widget Pro X', 'Professional-grade widget with digital display', 39.99, 18.00, 150, 3, 'widgets', 280, true),
  ('WDG-005', 'Widget Lite', 'Budget-friendly basic widget', 2.99, 1.20, 2000, 0, 'widgets', 100, true),
  ('WDG-006', 'Widget Industrial', 'Heavy-duty widget for harsh environments', 79.99, 35.00, 75, 2, 'widgets', 450, true),
  ('WDG-007', 'Widget Vintage', 'Retro-styled widget', 59.99, 28.00, 30, 0, 'widgets', 320, true),
  ('WDG-008', 'Widget Micro', 'Smallest widget in the lineup', 3.99, 1.80, 750, 0, 'widgets', 15, true),
  ('GDG-001', 'Basic Gadget', 'Entry-level gadget', 19.99, 9.00, 300, 8, 'gadgets', 300, true),
  ('GDG-002', 'Pro Gadget', 'Professional-grade gadget', 49.99, 22.00, 150, 10, 'gadgets', 450, true),
  ('GDG-003', 'Mega Gadget', 'Our largest and most powerful gadget', 99.99, 45.00, 50, 4, 'gadgets', 800, true),
  ('GDG-004', 'Gadget Nano', 'Ultra-compact gadget', 14.99, 6.50, 400, 0, 'gadgets', 25, true),
  ('GDG-005', 'Gadget Studio', 'Creative professional gadget with touchscreen', 149.99, 70.00, 80, 6, 'gadgets', 650, true),
  ('GDG-006', 'Gadget Outdoor', 'Rugged outdoor gadget with GPS and solar', 69.99, 32.00, 120, 5, 'gadgets', 380, true),
  ('GDG-007', 'Gadget Edu', 'Educational gadget for STEM learning', 29.99, 13.00, 500, 50, 'gadgets', 220, true),
  ('ACC-001', 'Widget Adapter', 'Connect widgets to gadgets', 7.99, 3.00, 800, 20, 'accessories', 50, true),
  ('ACC-002', 'Gadget Case', 'Protective carrying case', 14.99, 6.00, 400, 5, 'accessories', 180, true),
  ('ACC-003', 'Power Supply', 'Universal power supply unit', 29.99, 12.00, 600, 15, 'accessories', 120, true),
  ('ACC-004', 'Calibration Kit', 'Precision calibration tools', 39.99, 18.00, 100, 2, 'accessories', 350, true),
  ('ACC-005', 'Widget Stand', 'Desktop display and charging stand', 19.99, 8.00, 300, 0, 'accessories', 250, true),
  ('ACC-006', 'Premium Cable Set', 'Braided cables in 3 lengths', 12.99, 4.00, 500, 8, 'accessories', 90, true),
  ('ACC-007', 'Travel Pouch', 'Compact organizer for accessories', 8.99, 3.00, 350, 0, 'accessories', 60, true),
  ('ACC-008', 'Screen Protector Pack', 'Tempered glass screen protectors (3-pack)', 6.99, 1.50, 600, 0, 'accessories', 30, true),
  ('ACC-009', 'Wireless Charging Pad', 'Qi2 compatible fast wireless charger', 24.99, 9.00, 250, 3, 'accessories', 95, true),
  ('ACC-010', 'Mounting Bracket', 'Universal mounting solution', 17.99, 7.00, 180, 0, 'accessories', 400, true),
  ('ACC-011', 'Anti-Static Mat', 'ESD-safe work surface', 22.99, 9.00, 200, 0, 'accessories', 800, true),
  ('ACC-012', 'Lens Kit', 'Interchangeable lens set for Gadget Studio', 49.99, 22.00, 60, 4, 'accessories', 280, true),
  ('BDL-001', 'Widget Starter Bundle', 'Standard Widget + Adapter + Case', 27.99, 12.00, 200, 3, 'bundles', 380, true),
  ('BDL-002', 'Pro Bundle', 'Pro Gadget + Calibration Kit + Power Supply + Case', 99.99, 42.00, 50, 1, 'bundles', 1100, true),
  ('BDL-003', 'Ultimate Bundle', 'Mega Gadget + Studio + Calibration Kit + Cable Set + Power Supply', 279.99, 130.00, 25, 2, 'bundles', 2000, true);

-- Shipments (35)
INSERT INTO shipments (order_ref, user_email, carrier, tracking_number, status, weight_grams, package_count, destination_street, destination_city, destination_state, destination_zip, destination_country, estimated_delivery, actual_delivery, shipping_cost_cents, insurance_cents, signature_required, notes) VALUES
  ('ORD-001', 'alice@example.com', 'FedEx', 'FX-20260115-001', 'delivered', 380, 1, '123 Main St, Apt 4B', 'Springfield', 'IL', '62701', 'US', '2026-01-19', '2026-01-19 14:22:00', 899, 0, false, NULL),
  ('ORD-002', 'alice@example.com', 'FedEx', 'FX-20260210-001', 'delivered', 450, 1, '500 Commerce Blvd, Suite 200', 'Springfield', 'IL', '62704', 'US', '2026-02-14', '2026-02-14 11:45:00', 899, 500, true, 'Gift wrapped — handle with care'),
  ('ORD-003', 'bob@example.com', 'UPS', 'UP-20260305-001', 'in_transit', 680, 1, '456 Oak Ave', 'Portland', 'OR', '97201', 'US', '2026-03-10', NULL, 1299, 0, false, NULL),
  ('ORD-005', 'dave@example.com', 'USPS', 'US-20260320-001', 'returned', 800, 1, '321 Elm Dr', 'Seattle', 'WA', '98101', 'US', '2026-03-25', NULL, 599, 0, false, 'Cancelled before shipment — RTS'),
  ('ORD-006', 'eve@example.com', 'FedEx', 'FX-20260228-001', 'delivered', 2500, 2, '654 Birch Ln, Apt 12A', 'Denver', 'CO', '80201', 'US', '2026-03-04', '2026-03-04 16:30:00', 1499, 1000, true, '2 packages: widgets + accessories'),
  ('ORD-007', 'frank@example.com', 'Royal Mail', 'RM-20260410-001', 'delivered', 150, 1, '111 Maple Ave', 'San Francisco', 'CA', '94102', 'US', '2026-04-15', '2026-04-15 09:30:00', 499, 0, false, NULL),
  ('ORD-008', 'grace@example.com', 'FedEx', 'FX-20260501-001', 'in_transit', 820, 2, '222 Cedar St, Unit 3', 'Boston', 'MA', '02101', 'US', '2026-05-05', NULL, 1499, 500, false, 'Expedited — 2-day delivery'),
  ('ORD-009', 'hank@example.com', 'USPS', 'US-20260315-001', 'delivered', 80, 1, '333 Walnut Way', 'Phoenix', 'AZ', '85001', 'US', '2026-03-19', '2026-03-19 12:00:00', 399, 0, false, NULL),
  ('ORD-010', 'iris@example.com', 'UPS', 'UP-20260420-001', 'delivered', 120, 1, '444 Cherry Ct, Apt 8', 'Miami', 'FL', '33101', 'US', '2026-04-24', '2026-04-24 14:15:00', 699, 0, false, NULL),
  ('ORD-012', 'karen@example.com', 'FedEx', 'FX-20260120-001', 'delivered', 2350, 3, '666 Aspen Dr', 'New York', 'NY', '10001', 'US', '2026-01-24', '2026-01-24 10:30:00', 2499, 5000, true, 'Corporate order — 3 packages, high value'),
  ('ORD-013', 'leo@example.com', 'FedEx', 'FX-20260205-001', 'delivered', 650, 1, '777 Redwood Rd', 'Los Angeles', 'CA', '90001', 'US', '2026-02-09', '2026-02-09 15:00:00', 899, 2000, true, NULL),
  ('ORD-014', 'mia@example.com', 'UPS', 'UP-20260520-001', 'in_transit', 900, 1, '888 Willow St', 'Chicago', 'IL', '60602', 'US', '2026-05-24', NULL, 899, 0, false, NULL),
  ('ORD-015', 'noah@example.com', 'USPS', 'US-20260405-001', 'delivered', 100, 1, '999 Poplar Ave, Apt 2C', 'Houston', 'TX', '77001', 'US', '2026-04-09', '2026-04-09 11:20:00', 399, 0, false, NULL),
  ('ORD-016', 'olivia@example.com', 'FedEx', 'FX-20260310-001', 'delivered', 450, 1, '1010 Magnolia Blvd', 'Atlanta', 'GA', '30301', 'US', '2026-03-14', '2026-03-14 13:45:00', 899, 0, false, NULL),
  ('ORD-017', 'alice@example.com', 'UPS', 'UP-20260505-001', 'delivered', 320, 1, '123 Main St, Apt 4B', 'Springfield', 'IL', '62701', 'US', '2026-05-09', '2026-05-09 14:30:00', 899, 0, false, NULL),
  ('ORD-018', 'eve@example.com', 'FedEx', 'FX-20260415-001', 'delivered', 380, 1, '900 Market St, Suite 1500', 'Denver', 'CO', '80202', 'US', '2026-04-19', '2026-04-19 16:00:00', 699, 0, false, NULL),
  ('ORD-019', 'sam@example.com', 'FedEx', 'FX-20260220-001', 'delivered', 1250, 2, '1414 Hickory St', 'San Diego', 'CA', '92101', 'US', '2026-02-24', '2026-02-24 10:00:00', 1499, 1000, true, 'Lab order — fragile equipment'),
  ('ORD-020', 'wendy@example.com', 'UPS', 'UP-20260525-001', 'in_transit', 280, 1, '2020 Chestnut St, Apt 6D', 'Philadelphia', 'PA', '19101', 'US', '2026-05-29', NULL, 699, 0, false, NULL),
  ('ORD-021', 'amber@example.com', 'USPS', 'US-20260328-001', 'delivered', 200, 1, '2424 Palm Dr, Unit 15', 'Scottsdale', 'AZ', '85251', 'US', '2026-04-01', '2026-04-01 12:30:00', 499, 0, false, NULL),
  ('ORD-022', 'isla@example.com', 'FedEx', 'FX-20260402-001', 'delivered', 650, 1, '3232 Rose Way, Penthouse', 'Las Vegas', 'NV', '89101', 'US', '2026-04-06', '2026-04-06 15:00:00', 1299, 2000, true, 'Penthouse delivery — call (555)100-0037 before delivery'),
  ('ORD-023', 'bob@example.com', 'USPS', 'US-20260510-001', 'delivered', 50, 1, '456 Oak Ave', 'Portland', 'OR', '97201', 'US', '2026-05-14', '2026-05-14 13:00:00', 399, 0, false, NULL),
  ('ORD-025', 'grace@example.com', 'UPS', 'UP-20260605-001', 'delivered', 250, 1, '55 State St, Floor 20', 'Boston', 'MA', '02109', 'US', '2026-06-09', '2026-06-09 11:30:00', 699, 0, false, NULL),
  ('ORD-026', 'gina@example.com', 'FedEx', 'FX-20260610-001', 'in_transit', 120, 1, '3030 Fern Dr, Suite 4', 'San Antonio', 'TX', '78201', 'US', '2026-06-14', NULL, 899, 0, false, NULL),
  ('ORD-027', 'paul@example.com', 'FedEx', 'FX-20260518-001', 'delivered', 800, 1, '1 Kaiser Plaza, Floor 8', 'Oakland', 'CA', '94612', 'US', '2026-05-22', '2026-05-22 14:00:00', 899, 1000, true, 'Corporate delivery — reception desk'),
  ('ORD-028', 'carol@example.com', 'USPS', 'US-20260612-001', 'delivered', 200, 1, '12 Beach Blvd, Unit 7', 'Galveston', 'TX', '77550', 'US', '2026-06-16', '2026-06-16 12:00:00', 499, 0, false, NULL),
  ('ORD-029', 'peter@example.com', 'UPS', 'UP-20260615-001', 'delivered', 450, 1, '1111 Cypress Way', 'Dallas', 'TX', '75201', 'US', '2026-06-19', '2026-06-19 15:30:00', 899, 0, false, NULL),
  ('ORD-031', 'iris@example.com', 'USPS', 'US-20260618-001', 'in_transit', 90, 1, '444 Cherry Ct, Apt 8', 'Miami', 'FL', '33101', 'US', '2026-06-22', NULL, 399, 0, false, NULL),
  ('ORD-032', 'admin@example.com', 'Internal', 'INT-20260105-001', 'delivered', 50, 1, '666 Aspen Dr', 'New York', 'NY', '10001', 'US', '2026-01-05', '2026-01-05 08:10:00', 0, 0, false, 'Admin test shipment'),
  ('ORD-033', 'zach@example.com', 'UPS', 'UP-20260425-001', 'delivered', 120, 1, '2323 Fig Ln', 'Minneapolis', 'MN', '55401', 'US', '2026-04-29', '2026-04-29 14:00:00', 699, 0, false, NULL),
  ('ORD-034', 'elena@example.com', 'DHL', 'DHL-20260508-001', 'delivered', 120, 1, '2828 Laurel Way', 'Madrid', 'MD', '28001', 'ES', '2026-05-13', '2026-05-13 10:00:00', 1899, 0, false, 'International — DHL Express'),
  ('ORD-035', 'steve@example.com', 'USPS', 'US-20260608-001', 'delivered', 100, 1, '4141 Zinnia Way', 'Louisville', 'KY', '40201', 'US', '2026-06-12', '2026-06-12 11:00:00', 399, 0, false, NULL),
  ('ORD-037', 'rachel@example.com', 'FedEx', 'FX-20260322-001', 'delivered', 280, 1, '1313 Dogwood Dr', 'Charlotte', 'NC', '28201', 'US', '2026-03-26', '2026-03-26 15:00:00', 899, 0, false, NULL),
  ('ORD-038', 'kate@example.com', 'USPS', 'US-20260617-001', 'in_transit', 150, 1, '3434 Daisy Dr', 'Kansas City', 'MO', '64101', 'US', '2026-06-21', NULL, 399, 0, false, NULL),
  ('ORD-039', 'victor@example.com', 'FedEx', 'FX-20260408-001', 'delivered', 380, 1, '1919 Sequoia Way', 'San Jose', 'CA', '95101', 'US', '2026-04-09', '2026-04-09 09:30:00', 1999, 0, false, 'Overnight — rush order'),
  ('ORD-040', 'ursula@example.com', 'UPS', 'UP-20260530-001', 'delivered', 95, 1, '4343 Sage Ln', 'Richmond', 'VA', '23219', 'US', '2026-06-03', '2026-06-03 14:00:00', 699, 0, false, NULL);

-- Shipment Events (80+)
INSERT INTO shipment_events (shipment_id, event_type, location, description, event_timestamp) VALUES
  (1, 'label_created', 'Springfield, IL', 'Shipping label created', '2026-01-16 06:00:00'),
  (1, 'picked_up', 'Springfield, IL', 'Package picked up by carrier', '2026-01-16 08:00:00'),
  (1, 'in_transit', 'Memphis, TN', 'Package arrived at sorting facility', '2026-01-17 02:00:00'),
  (1, 'in_transit', 'Springfield, IL', 'Package out for delivery', '2026-01-19 07:00:00'),
  (1, 'delivered', 'Springfield, IL', 'Delivered — left at front door', '2026-01-19 14:22:00'),
  (2, 'label_created', 'Springfield, IL', 'Shipping label created', '2026-02-11 07:00:00'),
  (2, 'picked_up', 'Springfield, IL', 'Package picked up by carrier', '2026-02-11 09:30:00'),
  (2, 'in_transit', 'Memphis, TN', 'Package arrived at sorting facility', '2026-02-12 01:00:00'),
  (2, 'in_transit', 'Springfield, IL', 'Package out for delivery', '2026-02-14 06:30:00'),
  (2, 'delivered', 'Springfield, IL', 'Delivered — signed by recipient (A. Johnson)', '2026-02-14 11:45:00'),
  (3, 'label_created', 'Portland, OR', 'Shipping label created', '2026-03-06 05:00:00'),
  (3, 'picked_up', 'Portland, OR', 'Package picked up by carrier', '2026-03-06 07:45:00'),
  (3, 'in_transit', 'Ontario, CA', 'Package arrived at hub', '2026-03-07 22:00:00'),
  (3, 'in_transit', 'Portland, OR', 'Package in transit to destination', '2026-03-08 14:00:00'),
  (5, 'label_created', 'Denver, CO', 'Shipping label created — 2 packages', '2026-03-01 08:00:00'),
  (5, 'picked_up', 'Denver, CO', 'Packages picked up by carrier', '2026-03-01 10:15:00'),
  (5, 'in_transit', 'Memphis, TN', 'Packages arrived at sorting facility', '2026-03-02 03:00:00'),
  (5, 'in_transit', 'Denver, CO', 'Packages out for delivery', '2026-03-04 07:00:00'),
  (5, 'delivered', 'Denver, CO', 'Delivered — signed by recipient (E. Martinez)', '2026-03-04 16:30:00'),
  (6, 'label_created', 'San Francisco, CA', 'Shipping label created', '2026-04-11 04:00:00'),
  (6, 'picked_up', 'San Francisco, CA', 'Package picked up', '2026-04-11 06:00:00'),
  (6, 'in_transit', 'Los Angeles, CA', 'Package at regional hub', '2026-04-12 10:00:00'),
  (6, 'in_transit', 'San Francisco, CA', 'Package out for delivery', '2026-04-15 06:00:00'),
  (6, 'delivered', 'San Francisco, CA', 'Delivered', '2026-04-15 09:30:00'),
  (7, 'label_created', 'Boston, MA', 'Shipping label created — expedited', '2026-05-01 14:00:00'),
  (7, 'picked_up', 'Boston, MA', 'Package picked up — priority handling', '2026-05-01 16:00:00'),
  (7, 'in_transit', 'Newark, NJ', 'Package at express hub', '2026-05-02 02:00:00'),
  (7, 'in_transit', 'Boston, MA', 'Package in transit', '2026-05-03 08:00:00'),
  (8, 'label_created', 'Phoenix, AZ', 'Shipping label created', '2026-03-16 06:00:00'),
  (8, 'picked_up', 'Phoenix, AZ', 'Package picked up', '2026-03-16 08:30:00'),
  (8, 'in_transit', 'Phoenix, AZ', 'Package in transit', '2026-03-17 10:00:00'),
  (8, 'delivered', 'Phoenix, AZ', 'Delivered — left in mailbox', '2026-03-19 12:00:00'),
  (9, 'label_created', 'Miami, FL', 'Shipping label created', '2026-04-21 07:00:00'),
  (9, 'picked_up', 'Miami, FL', 'Package picked up', '2026-04-21 09:00:00'),
  (9, 'in_transit', 'Jacksonville, FL', 'Package at regional facility', '2026-04-22 14:00:00'),
  (9, 'in_transit', 'Miami, FL', 'Package out for delivery', '2026-04-24 06:00:00'),
  (9, 'delivered', 'Miami, FL', 'Delivered — left with doorman', '2026-04-24 14:15:00'),
  (10, 'label_created', 'New York, NY', 'Shipping label created — 3 packages', '2026-01-21 05:00:00'),
  (10, 'picked_up', 'New York, NY', 'Packages picked up', '2026-01-21 07:00:00'),
  (10, 'in_transit', 'Newark, NJ', 'Packages at sorting hub', '2026-01-21 15:00:00'),
  (10, 'in_transit', 'New York, NY', 'Packages out for delivery', '2026-01-24 06:00:00'),
  (10, 'delivered', 'New York, NY', 'Delivered — signed by recipient (K. White)', '2026-01-24 10:30:00'),
  (11, 'label_created', 'Los Angeles, CA', 'Shipping label created', '2026-02-06 06:00:00'),
  (11, 'picked_up', 'Los Angeles, CA', 'Package picked up', '2026-02-06 08:30:00'),
  (11, 'in_transit', 'Los Angeles, CA', 'Package at local facility', '2026-02-07 10:00:00'),
  (11, 'in_transit', 'Los Angeles, CA', 'Package out for delivery', '2026-02-09 07:00:00'),
  (11, 'delivered', 'Los Angeles, CA', 'Delivered — signed by recipient', '2026-02-09 15:00:00'),
  (17, 'label_created', 'San Diego, CA', 'Shipping label created — 2 packages, fragile', '2026-02-21 04:00:00'),
  (17, 'picked_up', 'San Diego, CA', 'Packages picked up — marked fragile', '2026-02-21 06:00:00'),
  (17, 'in_transit', 'Los Angeles, CA', 'Packages at regional hub', '2026-02-22 02:00:00'),
  (17, 'in_transit', 'San Diego, CA', 'Packages out for delivery', '2026-02-24 07:00:00'),
  (17, 'delivered', 'San Diego, CA', 'Delivered — signed by lab receptionist', '2026-02-24 10:00:00'),
  (20, 'label_created', 'Las Vegas, NV', 'Shipping label created', '2026-04-03 05:00:00'),
  (20, 'picked_up', 'Las Vegas, NV', 'Package picked up', '2026-04-03 07:00:00'),
  (20, 'in_transit', 'Los Angeles, CA', 'Package at sorting facility', '2026-04-04 01:00:00'),
  (20, 'in_transit', 'Las Vegas, NV', 'Package out for delivery', '2026-04-06 08:00:00'),
  (20, 'delivered', 'Las Vegas, NV', 'Delivered — signed by concierge', '2026-04-06 15:00:00'),
  (24, 'label_created', 'Oakland, CA', 'Shipping label created', '2026-05-19 04:00:00'),
  (24, 'picked_up', 'Oakland, CA', 'Package picked up', '2026-05-19 06:30:00'),
  (24, 'in_transit', 'Oakland, CA', 'Package at local facility', '2026-05-20 08:00:00'),
  (24, 'in_transit', 'Oakland, CA', 'Package out for delivery', '2026-05-22 07:00:00'),
  (24, 'delivered', 'Oakland, CA', 'Delivered — signed by reception desk staff', '2026-05-22 14:00:00'),
  (30, 'label_created', 'Madrid, Spain', 'Shipping label created — international', '2026-05-09 04:00:00'),
  (30, 'picked_up', 'New York, NY', 'Package picked up — international shipment', '2026-05-09 08:00:00'),
  (30, 'in_transit', 'Leipzig, Germany', 'Package at DHL international hub', '2026-05-10 06:00:00'),
  (30, 'customs_cleared', 'Madrid, Spain', 'Package cleared customs', '2026-05-11 10:00:00'),
  (30, 'in_transit', 'Madrid, Spain', 'Package out for delivery', '2026-05-13 06:00:00'),
  (30, 'delivered', 'Madrid, Spain', 'Delivered', '2026-05-13 10:00:00'),
  (34, 'label_created', 'San Jose, CA', 'Shipping label created — overnight', '2026-04-08 12:00:00'),
  (34, 'picked_up', 'San Jose, CA', 'Package picked up — priority overnight', '2026-04-08 14:00:00'),
  (34, 'in_transit', 'Memphis, TN', 'Package at overnight hub', '2026-04-08 23:00:00'),
  (34, 'in_transit', 'San Jose, CA', 'Package out for delivery', '2026-04-09 06:00:00'),
  (34, 'delivered', 'San Jose, CA', 'Delivered', '2026-04-09 09:30:00');

-- Returns (8)
INSERT INTO returns (order_ref, user_email, reason, reason_detail, status, refund_amount_cents, refund_method, return_tracking, return_carrier, items, approved_by, approved_at, received_at, refunded_at) VALUES
  ('ORD-005', 'dave@example.com', 'changed_mind', 'No longer need the product. Decided to go with a different solution.', 'refunded', 2198, 'original_payment', 'RET-FX-001', 'FedEx', '[{"sku": "WDG-001", "quantity": 2, "condition": "unopened"}]', 'support@example.com', '2026-03-21 09:00:00', '2026-03-25 14:00:00', '2026-03-26 10:00:00'),
  ('ORD-001', 'alice@example.com', 'defective', 'One of the Mini Widgets arrived with a cracked casing.', 'refunded', 499, 'original_payment', 'RET-US-001', 'USPS', '[{"sku": "WDG-003", "quantity": 1, "condition": "damaged"}]', 'support@example.com', '2026-01-22 11:00:00', '2026-01-26 10:00:00', '2026-01-27 09:00:00'),
  ('ORD-009', 'hank@example.com', 'wrong_item', 'Received Mini Widget instead of the ordered item.', 'refunded', 499, 'store_credit', 'RET-US-002', 'USPS', '[{"sku": "WDG-003", "quantity": 1, "condition": "new", "note": "wrong item sent"}]', 'support@example.com', '2026-03-22 08:00:00', '2026-03-28 12:00:00', '2026-03-29 10:00:00'),
  ('ORD-007', 'frank@example.com', 'not_as_described', 'Expected silver color based on product listing but received blue.', 'approved', 999, 'original_payment', 'RET-RM-001', 'Royal Mail', '[{"sku": "WDG-001", "quantity": 1, "condition": "used"}]', 'support@example.com', '2026-04-20 14:00:00', NULL, NULL),
  ('ORD-010', 'iris@example.com', 'too_expensive', 'Found a better deal elsewhere. Returning for refund.', 'rejected', 0, NULL, NULL, NULL, '[{"sku": "ACC-003", "quantity": 1, "condition": "opened"}]', 'support@example.com', '2026-04-26 09:00:00', NULL, NULL),
  ('ORD-017', 'alice@example.com', 'changed_mind', 'Decided to wait for the newer model.', 'received', 5999, 'original_payment', 'RET-UP-001', 'UPS', '[{"sku": "WDG-007", "quantity": 1, "condition": "unopened"}]', 'support@example.com', '2026-05-12 10:00:00', '2026-05-18 11:00:00', NULL),
  ('ORD-023', 'bob@example.com', 'defective', 'Adapter stopped working after 2 weeks.', 'requested', 799, NULL, NULL, NULL, '[{"sku": "ACC-001", "quantity": 1, "condition": "defective"}]', NULL, NULL, NULL, NULL),
  ('ORD-006', 'eve@example.com', 'partial_return', 'Returning Screen Protector Pack only — kept the widgets.', 'refunded', 699, 'original_payment', 'RET-FX-002', 'FedEx', '[{"sku": "ACC-008", "quantity": 1, "condition": "unopened"}]', 'support@example.com', '2026-03-08 09:00:00', '2026-03-12 14:00:00', '2026-03-13 10:00:00');

-- Warehouse Inventory (60 rows — 30 SKUs x 2 warehouses)
INSERT INTO warehouse_inventory (sku, warehouse_code, quantity, aisle, shelf, bin, last_counted_at, last_received_at) VALUES
  ('WDG-001', 'US-WEST', 300, 'A', '1', '01', '2026-06-15 08:00:00', '2026-06-10 14:00:00'),
  ('WDG-001', 'US-EAST', 200, 'A', '1', '01', '2026-06-15 08:00:00', '2026-06-01 10:00:00'),
  ('WDG-002', 'US-EAST', 200, 'A', '1', '02', '2026-06-15 08:00:00', '2026-05-20 09:00:00'),
  ('WDG-002', 'US-WEST', 0, 'A', '1', '02', '2026-06-15 08:00:00', NULL),
  ('WDG-003', 'US-WEST', 600, 'A', '2', '01', '2026-06-15 08:00:00', '2026-06-12 11:00:00'),
  ('WDG-003', 'US-CENTRAL', 400, 'A', '1', '01', '2026-06-14 08:00:00', '2026-06-05 15:00:00'),
  ('WDG-004', 'US-WEST', 150, 'A', '2', '02', '2026-06-15 08:00:00', '2026-05-01 09:00:00'),
  ('WDG-004', 'US-EAST', 0, 'A', '2', '02', '2026-06-15 08:00:00', NULL),
  ('WDG-005', 'US-CENTRAL', 2000, 'B', '1', '01', '2026-06-14 08:00:00', '2026-06-01 08:00:00'),
  ('WDG-005', 'US-WEST', 0, 'B', '1', '01', '2026-06-15 08:00:00', NULL),
  ('WDG-006', 'US-EAST', 75, 'C', '1', '01', '2026-06-15 08:00:00', '2026-04-15 10:00:00'),
  ('WDG-006', 'US-WEST', 0, 'C', '1', '01', '2026-06-15 08:00:00', NULL),
  ('WDG-007', 'US-EAST', 30, 'C', '1', '02', '2026-06-15 08:00:00', '2026-03-01 09:00:00'),
  ('WDG-007', 'US-WEST', 0, 'C', '1', '02', '2026-06-15 08:00:00', NULL),
  ('WDG-008', 'US-WEST', 500, 'A', '3', '01', '2026-06-15 08:00:00', '2026-06-15 14:00:00'),
  ('WDG-008', 'US-EAST', 250, 'A', '3', '01', '2026-06-15 08:00:00', '2026-06-10 09:00:00'),
  ('GDG-001', 'US-CENTRAL', 300, 'B', '2', '01', '2026-06-14 08:00:00', '2026-05-15 10:00:00'),
  ('GDG-001', 'US-WEST', 0, 'B', '2', '01', '2026-06-15 08:00:00', NULL),
  ('GDG-002', 'US-WEST', 100, 'B', '2', '02', '2026-06-15 08:00:00', '2026-06-01 11:00:00'),
  ('GDG-002', 'US-EAST', 50, 'B', '2', '02', '2026-06-15 08:00:00', '2026-05-20 14:00:00'),
  ('GDG-003', 'US-EAST', 50, 'C', '2', '01', '2026-06-15 08:00:00', '2026-04-01 09:00:00'),
  ('GDG-003', 'US-WEST', 0, 'C', '2', '01', '2026-06-15 08:00:00', NULL),
  ('GDG-004', 'US-WEST', 400, 'B', '3', '01', '2026-06-15 08:00:00', '2026-06-01 08:00:00'),
  ('GDG-004', 'US-EAST', 0, 'B', '3', '01', '2026-06-15 08:00:00', NULL),
  ('GDG-005', 'US-EAST', 80, 'C', '2', '02', '2026-06-15 08:00:00', '2026-05-01 10:00:00'),
  ('GDG-005', 'US-WEST', 0, 'C', '2', '02', '2026-06-15 08:00:00', NULL),
  ('GDG-006', 'US-WEST', 120, 'B', '3', '02', '2026-06-15 08:00:00', '2026-05-15 11:00:00'),
  ('GDG-006', 'US-EAST', 0, 'B', '3', '02', '2026-06-15 08:00:00', NULL),
  ('GDG-007', 'US-CENTRAL', 500, 'D', '1', '01', '2026-06-14 08:00:00', '2026-06-01 09:00:00'),
  ('GDG-007', 'US-EAST', 0, 'D', '1', '01', '2026-06-15 08:00:00', NULL),
  ('ACC-001', 'US-WEST', 500, 'E', '1', '01', '2026-06-15 08:00:00', '2026-06-10 10:00:00'),
  ('ACC-001', 'US-EAST', 300, 'E', '1', '01', '2026-06-15 08:00:00', '2026-06-05 09:00:00'),
  ('ACC-002', 'US-WEST', 250, 'E', '1', '02', '2026-06-15 08:00:00', '2026-05-20 14:00:00'),
  ('ACC-002', 'US-EAST', 150, 'E', '1', '02', '2026-06-15 08:00:00', '2026-05-15 10:00:00'),
  ('ACC-003', 'US-WEST', 350, 'E', '2', '01', '2026-06-15 08:00:00', '2026-06-01 11:00:00'),
  ('ACC-003', 'US-EAST', 250, 'E', '2', '01', '2026-06-15 08:00:00', '2026-05-25 09:00:00'),
  ('ACC-004', 'US-EAST', 100, 'E', '2', '02', '2026-06-15 08:00:00', '2026-04-01 10:00:00'),
  ('ACC-004', 'US-WEST', 0, 'E', '2', '02', '2026-06-15 08:00:00', NULL),
  ('ACC-005', 'US-WEST', 200, 'E', '3', '01', '2026-06-15 08:00:00', '2026-05-10 09:00:00'),
  ('ACC-005', 'US-EAST', 100, 'E', '3', '01', '2026-06-15 08:00:00', '2026-05-01 10:00:00'),
  ('ACC-006', 'US-WEST', 300, 'E', '3', '02', '2026-06-15 08:00:00', '2026-06-01 14:00:00'),
  ('ACC-006', 'US-EAST', 200, 'E', '3', '02', '2026-06-15 08:00:00', '2026-05-20 09:00:00'),
  ('ACC-007', 'US-WEST', 200, 'F', '1', '01', '2026-06-15 08:00:00', '2026-05-15 10:00:00'),
  ('ACC-007', 'US-EAST', 150, 'F', '1', '01', '2026-06-15 08:00:00', '2026-05-10 09:00:00'),
  ('ACC-008', 'US-WEST', 400, 'F', '1', '02', '2026-06-15 08:00:00', '2026-06-01 08:00:00'),
  ('ACC-008', 'US-EAST', 200, 'F', '1', '02', '2026-06-15 08:00:00', '2026-05-25 10:00:00'),
  ('ACC-009', 'US-WEST', 150, 'F', '2', '01', '2026-06-15 08:00:00', '2026-05-20 11:00:00'),
  ('ACC-009', 'US-EAST', 100, 'F', '2', '01', '2026-06-15 08:00:00', '2026-05-15 09:00:00'),
  ('ACC-010', 'US-WEST', 100, 'F', '2', '02', '2026-06-15 08:00:00', '2026-04-15 10:00:00'),
  ('ACC-010', 'US-EAST', 80, 'F', '2', '02', '2026-06-15 08:00:00', '2026-04-01 09:00:00'),
  ('ACC-011', 'US-WEST', 120, 'F', '3', '01', '2026-06-15 08:00:00', '2026-05-01 10:00:00'),
  ('ACC-011', 'US-EAST', 80, 'F', '3', '01', '2026-06-15 08:00:00', '2026-04-20 09:00:00'),
  ('ACC-012', 'US-EAST', 60, 'F', '3', '02', '2026-06-15 08:00:00', '2026-05-01 11:00:00'),
  ('ACC-012', 'US-WEST', 0, 'F', '3', '02', '2026-06-15 08:00:00', NULL),
  ('BDL-001', 'US-WEST', 120, 'G', '1', '01', '2026-06-15 08:00:00', '2026-06-01 10:00:00'),
  ('BDL-001', 'US-EAST', 80, 'G', '1', '01', '2026-06-15 08:00:00', '2026-05-20 09:00:00'),
  ('BDL-002', 'US-WEST', 30, 'G', '1', '02', '2026-06-15 08:00:00', '2026-05-01 10:00:00'),
  ('BDL-002', 'US-EAST', 20, 'G', '1', '02', '2026-06-15 08:00:00', '2026-04-15 09:00:00'),
  ('BDL-003', 'US-EAST', 25, 'G', '2', '01', '2026-06-15 08:00:00', '2026-04-01 10:00:00'),
  ('BDL-003', 'US-WEST', 0, 'G', '2', '01', '2026-06-15 08:00:00', NULL);

-- Notifications (40)
INSERT INTO notifications (recipient, channel, subject, body, template, metadata, status, priority, sent_at, delivered_at, opened_at, clicked_at) VALUES
  ('alice@example.com', 'email', 'Welcome to our store!', 'Hi Alice, welcome! Use code WELCOME10 for 10% off your first order.', 'welcome', '{"coupon": "WELCOME10"}', 'delivered', 5, '2026-01-01 10:00:00', '2026-01-01 10:00:05', '2026-01-01 10:15:00', '2026-01-01 10:16:00'),
  ('alice@example.com', 'email', 'Order Confirmed: #1', 'Your order #1 has been confirmed. Total: $38.47.', 'order_confirmed', '{"order_id": 1, "total": 3847}', 'delivered', 3, '2026-01-15 10:31:00', '2026-01-15 10:31:05', '2026-01-15 10:45:00', NULL),
  ('alice@example.com', 'email', 'Your order has shipped!', 'Order #1 is on its way! Tracking: FX-20260115-001 via FedEx.', 'order_shipped', '{"order_id": 1, "carrier": "FedEx", "tracking": "FX-20260115-001"}', 'delivered', 3, '2026-01-16 08:01:00', '2026-01-16 08:01:05', '2026-01-16 09:00:00', '2026-01-16 09:01:00'),
  ('alice@example.com', 'sms', 'Order delivered', 'Your order #1 has been delivered! Rate your purchase at shop.example.com/review', 'order_delivered_sms', '{"order_id": 1}', 'delivered', 3, '2026-01-19 14:23:00', '2026-01-19 14:23:02', NULL, NULL),
  ('alice@example.com', 'email', 'Leave a review?', 'Hi Alice, how are you enjoying your Standard Widget? Leave a review!', 'review_request', '{"sku": "WDG-001", "order_id": 1}', 'delivered', 7, '2026-01-26 10:00:00', '2026-01-26 10:00:05', '2026-01-26 18:00:00', '2026-01-26 18:01:00'),
  ('bob@example.com', 'email', 'Welcome to our store!', 'Hi Bob, welcome aboard!', 'welcome', '{}', 'delivered', 5, '2026-02-01 09:00:00', '2026-02-01 09:00:05', '2026-02-01 12:00:00', NULL),
  ('bob@example.com', 'email', 'Order Confirmed: #3', 'Your order #3 has been confirmed.', 'order_confirmed', '{"order_id": 3}', 'delivered', 3, '2026-03-05 09:01:00', '2026-03-05 09:01:05', '2026-03-05 10:00:00', NULL),
  ('carol@example.com', 'email', 'Welcome to our store!', 'Hi Carol, welcome!', 'welcome', '{}', 'delivered', 5, '2026-01-15 08:00:00', '2026-01-15 08:00:05', NULL, NULL),
  ('dave@example.com', 'email', 'Order Cancelled: #5', 'Your order #5 has been cancelled. Refund of $21.98 processing.', 'order_cancelled', '{"order_id": 5, "refund": 2198}', 'delivered', 2, '2026-03-20 11:01:00', '2026-03-20 11:01:05', '2026-03-20 11:30:00', NULL),
  ('dave@example.com', 'email', 'Refund processed', 'Your refund of $21.98 for order #5 has been processed.', 'refund_processed', '{"order_id": 5, "refund": 2198}', 'delivered', 3, '2026-03-26 10:01:00', '2026-03-26 10:01:05', '2026-03-26 12:00:00', NULL),
  ('eve@example.com', 'email', 'Congratulations! Platinum tier!', 'Hi Eve, you have been upgraded to Platinum tier.', 'tier_upgrade', '{"from": "gold", "to": "platinum"}', 'delivered', 2, '2026-03-01 08:00:00', '2026-03-01 08:00:05', '2026-03-01 09:15:00', '2026-03-01 09:16:00'),
  ('eve@example.com', 'push', 'Platinum tier unlocked!', 'You are now a Platinum member!', 'tier_upgrade_push', '{}', 'delivered', 2, '2026-03-01 08:00:00', '2026-03-01 08:00:01', '2026-03-01 08:05:00', NULL),
  ('eve@example.com', 'email', 'Early access: Summer Sale', 'Hi Eve, as a Platinum member you get early access. Use SUMMER15.', 'promo_vip', '{"coupon": "SUMMER15", "campaign": "summer-2026"}', 'delivered', 4, '2026-05-31 18:00:00', '2026-05-31 18:00:05', '2026-05-31 18:10:00', '2026-05-31 18:11:00'),
  ('karen@example.com', 'email', 'Order Confirmed: #12', 'Your corporate order #12 confirmed. PO: PO-2026-0042.', 'order_confirmed', '{"order_id": 12, "corporate": true, "po": "PO-2026-0042"}', 'delivered', 3, '2026-01-20 09:01:00', '2026-01-20 09:01:05', '2026-01-20 09:30:00', NULL),
  ('leo@example.com', 'email', 'Order Confirmed: #13', 'Your order #13 has been confirmed.', 'order_confirmed', '{"order_id": 13}', 'delivered', 3, '2026-02-05 12:01:00', '2026-02-05 12:01:05', '2026-02-05 14:00:00', NULL),
  ('leo@example.com', 'push', 'Price drop alert!', 'Gadget Studio is now 10% off for a limited time.', 'price_alert', '{"sku": "GDG-005"}', 'delivered', 5, '2026-06-10 12:00:00', '2026-06-10 12:00:01', '2026-06-10 12:05:00', NULL),
  ('isla@example.com', 'email', 'Welcome! Referred by a friend', 'Hi Isla, welcome! Your friend referred you. Enjoy 15% off.', 'welcome_referral', '{"referred_by": "amber", "coupon": "REF15"}', 'delivered', 5, '2026-03-25 10:00:00', '2026-03-25 10:00:05', '2026-03-25 10:20:00', '2026-03-25 10:21:00'),
  ('sam@example.com', 'email', 'Order Confirmed: #19', 'Your lab order confirmed. 2x Pro Gadgets and calibration kit.', 'order_confirmed', '{"order_id": 19, "department": "R&D"}', 'delivered', 3, '2026-02-20 08:01:00', '2026-02-20 08:01:05', '2026-02-20 08:30:00', NULL),
  ('paul@example.com', 'email', 'Corporate account activated', 'Hi Paul, your corporate account is approved. SSO login available.', 'corporate_activated', '{}', 'delivered', 2, '2026-05-15 09:00:00', '2026-05-15 09:00:05', '2026-05-15 09:10:00', NULL),
  ('admin@example.com', 'email', 'Weekly admin digest', 'Orders: 147 (+12%). Revenue: $89,234. Top seller: WDG-001 (43 units).', 'admin_digest', '{"period": "2026-W12", "orders": 147, "revenue": 89234}', 'delivered', 5, '2026-03-23 06:00:00', '2026-03-23 06:00:05', '2026-03-23 08:00:00', NULL),
  ('alice@example.com', 'email', 'Summer Sale: 15% off everything!', 'Our biggest sale of the year is here. Use SUMMER15 at checkout.', 'promo_blast', '{"coupon": "SUMMER15", "campaign": "summer-2026"}', 'delivered', 5, '2026-06-01 06:00:00', '2026-06-01 06:00:05', '2026-06-01 07:30:00', '2026-06-01 07:31:00'),
  ('bob@example.com', 'email', 'Summer Sale: 15% off everything!', 'Our biggest sale of the year is here. Use SUMMER15 at checkout.', 'promo_blast', '{"coupon": "SUMMER15", "campaign": "summer-2026"}', 'delivered', 5, '2026-06-01 06:00:00', '2026-06-01 06:00:05', NULL, NULL),
  ('carol@example.com', 'email', 'We miss you!', 'Hi Carol, it has been a while. Here is 20% off with COMEBACK20.', 'win_back', '{"coupon": "COMEBACK20"}', 'delivered', 6, '2026-06-15 10:00:00', '2026-06-15 10:00:05', NULL, NULL),
  ('grace@example.com', 'email', 'Your order has shipped!', 'Order #8 is on its way via FedEx.', 'order_shipped', '{"order_id": 8, "carrier": "FedEx"}', 'delivered', 3, '2026-05-01 16:01:00', '2026-05-01 16:01:05', NULL, NULL),
  ('wendy@example.com', 'email', 'Order Confirmed: #20', 'Your order has been confirmed.', 'order_confirmed', '{"order_id": 20}', 'delivered', 3, '2026-05-25 15:01:00', '2026-05-25 15:01:05', '2026-05-25 16:00:00', NULL),
  ('nate@example.com', 'email', 'Payment pending', 'Your order #30 is awaiting payment confirmation.', 'payment_pending', '{"order_id": 30}', 'queued', 2, NULL, NULL, NULL, NULL),
  ('willa@example.com', 'email', 'Order Confirmed: #36', 'Your order has been confirmed.', 'order_confirmed', '{"order_id": 36}', 'queued', 3, NULL, NULL, NULL, NULL),
  ('hank@example.com', 'email', 'You left something behind!', 'Hi Hank, you have items in your cart. Complete your purchase!', 'cart_abandoned', '{"cart_value": 2799, "items": ["BDL-001"]}', 'delivered', 6, '2026-06-21 10:00:00', '2026-06-21 10:00:05', NULL, NULL),
  ('frank@example.com', 'email', 'Return approved', 'Your return for order #7 has been approved. Ship it back with label RET-RM-001.', 'return_approved', '{"order_id": 7, "return_label": "RET-RM-001"}', 'delivered', 3, '2026-04-20 14:01:00', '2026-04-20 14:01:05', '2026-04-20 15:00:00', '2026-04-20 15:01:00'),
  ('iris@example.com', 'email', 'Return request denied', 'Your return for order #10 could not be approved. Opened items not eligible.', 'return_rejected', '{"order_id": 10, "reason": "opened_item_policy"}', 'delivered', 3, '2026-04-26 09:01:00', '2026-04-26 09:01:05', '2026-04-26 10:00:00', NULL),
  ('alice@example.com', 'email', 'Return received', 'We received your return for order #17. Refund processing.', 'return_received', '{"order_id": 17, "refund": 5999}', 'delivered', 3, '2026-05-18 11:01:00', '2026-05-18 11:01:05', '2026-05-18 12:00:00', NULL),
  ('bob@example.com', 'email', 'New products just dropped!', 'Check out the Gadget Nano and Widget Micro — our smallest ever.', 'new_arrivals', '{"skus": ["GDG-004", "WDG-008"]}', 'delivered', 6, '2026-03-01 10:00:00', '2026-03-01 10:00:05', '2026-03-01 14:00:00', '2026-03-01 14:02:00'),
  ('grace@example.com', 'email', 'Wishlist price drop!', 'The Gadget Outdoor you wishlisted is now 10% off.', 'wishlist_price_drop', '{"sku": "GDG-006", "old_price": 6999, "new_price": 6299}', 'delivered', 4, '2026-06-20 16:05:00', '2026-06-20 16:05:05', '2026-06-20 18:00:00', '2026-06-20 18:01:00'),
  ('alice@example.com', 'email', 'Your review was helpful!', '42 people found your review of Standard Widget helpful.', 'review_milestone', '{"sku": "WDG-001", "helpful_count": 42}', 'delivered', 7, '2026-06-15 09:00:00', '2026-06-15 09:00:05', '2026-06-15 10:00:00', NULL),
  ('admin@example.com', 'email', 'Low stock alert: GDG-003', 'Mega Gadget stock is at 50 units (threshold: 100). Reorder recommended.', 'low_stock_alert', '{"sku": "GDG-003", "quantity": 50, "threshold": 100}', 'delivered', 1, '2026-06-01 06:00:00', '2026-06-01 06:00:05', '2026-06-01 08:00:00', NULL),
  ('admin@example.com', 'email', 'Monthly revenue report', 'May 2026: Revenue $142,567 (+8% MoM). 523 orders. AOV $272.59.', 'monthly_report', '{"month": "2026-05", "revenue": 14256700, "orders": 523, "aov": 27259}', 'delivered', 5, '2026-06-01 07:00:00', '2026-06-01 07:00:05', '2026-06-01 08:30:00', NULL),
  ('support@example.com', 'email', 'Return request: Order #23', 'Bob Smith has requested a return for order #23. Reason: defective.', 'return_request_agent', '{"order_id": 23, "user": "bob@example.com", "reason": "defective"}', 'delivered', 2, '2026-06-22 09:00:00', '2026-06-22 09:00:05', '2026-06-22 09:15:00', NULL),
  ('elena@example.com', 'email', 'Order Confirmed: #34', 'Tu pedido #34 ha sido confirmado.', 'order_confirmed_es', '{"order_id": 34, "language": "es"}', 'delivered', 3, '2026-05-08 09:01:00', '2026-05-08 09:01:05', '2026-05-08 10:00:00', NULL),
  ('paul@example.com', 'email', 'Invoice ready', 'Invoice INV-2026-0027 for order #27 is attached.', 'invoice', '{"order_id": 27, "invoice": "INV-2026-0027", "corporate": true}', 'delivered', 3, '2026-05-22 15:00:00', '2026-05-22 15:00:05', '2026-05-22 16:00:00', '2026-05-22 16:01:00'),
  ('sam@example.com', 'email', 'Calibration reminder', 'Your Pro Gadget calibration kit expires in 30 days. Recalibrate or renew.', 'calibration_reminder', '{"sku": "ACC-004", "expires": "2027-02-20"}', 'queued', 5, NULL, NULL, NULL, NULL);

-- Notifications that failed
INSERT INTO notifications (recipient, channel, subject, body, template, metadata, status, priority, retry_count, max_retries, error_message) VALUES
  ('bounced@invalid.example.com', 'email', 'Summer Sale: 15% off!', 'Sale content here', 'promo_blast', '{"campaign": "summer-2026"}', 'failed', 5, 3, 3, 'SMTP 550: Mailbox not found');
