CREATE TABLE IF NOT EXISTS users (
  id SERIAL PRIMARY KEY,
  email VARCHAR(255) UNIQUE NOT NULL,
  name VARCHAR(255) NOT NULL,
  role VARCHAR(50) NOT NULL DEFAULT 'customer',
  tier VARCHAR(20) NOT NULL DEFAULT 'bronze',
  phone VARCHAR(20),
  avatar_url TEXT,
  preferences JSONB DEFAULT '{}',
  created_at TIMESTAMP DEFAULT NOW(),
  updated_at TIMESTAMP DEFAULT NOW()
);

CREATE TABLE IF NOT EXISTS addresses (
  id SERIAL PRIMARY KEY,
  user_id INT NOT NULL REFERENCES users(id),
  label VARCHAR(50) NOT NULL,
  street VARCHAR(255) NOT NULL,
  suite VARCHAR(100),
  city VARCHAR(100) NOT NULL,
  state VARCHAR(50) NOT NULL,
  zip VARCHAR(10) NOT NULL,
  country VARCHAR(2) NOT NULL DEFAULT 'US',
  is_default BOOLEAN DEFAULT false,
  created_at TIMESTAMP DEFAULT NOW()
);

CREATE TABLE IF NOT EXISTS categories (
  id SERIAL PRIMARY KEY,
  slug VARCHAR(100) UNIQUE NOT NULL,
  name VARCHAR(255) NOT NULL,
  description TEXT,
  parent_id INT REFERENCES categories(id),
  sort_order INT DEFAULT 0
);

CREATE TABLE IF NOT EXISTS inventory (
  sku VARCHAR(100) PRIMARY KEY,
  name VARCHAR(255) NOT NULL,
  description TEXT,
  long_description TEXT,
  quantity_available INT NOT NULL DEFAULT 0,
  quantity_reserved INT NOT NULL DEFAULT 0,
  unit_price_cents INT NOT NULL,
  cost_cents INT NOT NULL DEFAULT 0,
  weight_grams INT,
  category VARCHAR(100),
  tags TEXT[],
  attributes JSONB DEFAULT '{}',
  is_active BOOLEAN DEFAULT true,
  created_at TIMESTAMP DEFAULT NOW(),
  updated_at TIMESTAMP DEFAULT NOW()
);

CREATE TABLE IF NOT EXISTS orders (
  id SERIAL PRIMARY KEY,
  user_id INT NOT NULL REFERENCES users(id),
  status VARCHAR(50) NOT NULL DEFAULT 'pending',
  total_cents INT NOT NULL DEFAULT 0,
  subtotal_cents INT NOT NULL DEFAULT 0,
  tax_cents INT NOT NULL DEFAULT 0,
  shipping_cents INT NOT NULL DEFAULT 0,
  discount_cents INT NOT NULL DEFAULT 0,
  currency VARCHAR(3) NOT NULL DEFAULT 'USD',
  shipping_address JSONB,
  shipping_address_id INT REFERENCES addresses(id),
  billing_address_id INT REFERENCES addresses(id),
  payment_method VARCHAR(50),
  payment_ref VARCHAR(255),
  notes TEXT,
  metadata JSONB DEFAULT '{}',
  placed_at TIMESTAMP,
  shipped_at TIMESTAMP,
  delivered_at TIMESTAMP,
  created_at TIMESTAMP DEFAULT NOW(),
  updated_at TIMESTAMP DEFAULT NOW()
);

CREATE TABLE IF NOT EXISTS order_items (
  id SERIAL PRIMARY KEY,
  order_id INT NOT NULL REFERENCES orders(id),
  sku VARCHAR(100) NOT NULL,
  name VARCHAR(255) NOT NULL,
  quantity INT NOT NULL DEFAULT 1,
  unit_price_cents INT NOT NULL,
  discount_cents INT NOT NULL DEFAULT 0,
  metadata JSONB
);

CREATE TABLE IF NOT EXISTS reviews (
  id SERIAL PRIMARY KEY,
  user_id INT NOT NULL REFERENCES users(id),
  sku VARCHAR(100) NOT NULL,
  rating INT NOT NULL CHECK (rating BETWEEN 1 AND 5),
  title VARCHAR(255),
  body TEXT,
  verified_purchase BOOLEAN DEFAULT false,
  helpful_count INT DEFAULT 0,
  created_at TIMESTAMP DEFAULT NOW()
);

CREATE TABLE IF NOT EXISTS coupons (
  id SERIAL PRIMARY KEY,
  code VARCHAR(50) UNIQUE NOT NULL,
  description TEXT,
  discount_type VARCHAR(20) NOT NULL,
  discount_value INT NOT NULL,
  min_order_cents INT DEFAULT 0,
  max_uses INT,
  current_uses INT DEFAULT 0,
  valid_from TIMESTAMP NOT NULL,
  valid_until TIMESTAMP NOT NULL,
  is_active BOOLEAN DEFAULT true
);

CREATE TABLE IF NOT EXISTS audit_log (
  id SERIAL PRIMARY KEY,
  entity_type VARCHAR(50) NOT NULL,
  entity_id VARCHAR(100) NOT NULL,
  action VARCHAR(50) NOT NULL,
  actor VARCHAR(255),
  details JSONB,
  ip_address VARCHAR(45),
  user_agent TEXT,
  created_at TIMESTAMP DEFAULT NOW()
);

CREATE TABLE IF NOT EXISTS notifications (
  id SERIAL PRIMARY KEY,
  user_id INT REFERENCES users(id),
  channel VARCHAR(20) NOT NULL,
  subject VARCHAR(500),
  body TEXT,
  metadata JSONB DEFAULT '{}',
  status VARCHAR(20) NOT NULL DEFAULT 'pending',
  sent_at TIMESTAMP,
  read_at TIMESTAMP,
  created_at TIMESTAMP DEFAULT NOW()
);

-- Users (50)
INSERT INTO users (email, name, role, tier, phone, preferences) VALUES
  ('alice@example.com', 'Alice Johnson', 'customer', 'gold', '+15551000001', '{"notifications": true, "newsletter": true, "currency": "USD", "theme": "dark"}'),
  ('bob@example.com', 'Bob Smith', 'customer', 'silver', '+15551000002', '{"notifications": true, "newsletter": false, "currency": "USD"}'),
  ('carol@example.com', 'Carol Davis', 'customer', 'gold', '+15551000003', '{"notifications": false, "newsletter": true, "currency": "EUR"}'),
  ('dave@example.com', 'Dave Wilson', 'customer', 'bronze', '+15551000004', '{"notifications": true, "currency": "USD"}'),
  ('eve@example.com', 'Eve Martinez', 'customer', 'platinum', '+15551000005', '{"notifications": true, "newsletter": true, "currency": "USD", "language": "es"}'),
  ('frank@example.com', 'Frank Lee', 'customer', 'silver', '+15551000006', '{"notifications": true, "currency": "GBP"}'),
  ('grace@example.com', 'Grace Kim', 'customer', 'gold', '+15551000007', '{"notifications": true, "newsletter": true, "currency": "USD"}'),
  ('hank@example.com', 'Hank Brown', 'customer', 'bronze', '+15551000008', '{"notifications": false, "currency": "USD"}'),
  ('iris@example.com', 'Iris Chen', 'customer', 'silver', '+15551000009', '{"notifications": true, "currency": "USD"}'),
  ('jack@example.com', 'Jack Taylor', 'customer', 'bronze', '+15551000010', '{"notifications": true, "currency": "CAD"}'),
  ('karen@example.com', 'Karen White', 'customer', 'gold', '+15551000011', '{"notifications": true, "newsletter": true, "currency": "USD"}'),
  ('leo@example.com', 'Leo Garcia', 'customer', 'platinum', '+15551000012', '{"notifications": true, "newsletter": true, "currency": "USD", "language": "es"}'),
  ('mia@example.com', 'Mia Robinson', 'customer', 'silver', '+15551000013', '{"notifications": true, "currency": "USD"}'),
  ('noah@example.com', 'Noah Clark', 'customer', 'bronze', '+15551000014', '{"notifications": false, "currency": "USD"}'),
  ('olivia@example.com', 'Olivia Lewis', 'customer', 'gold', '+15551000015', '{"notifications": true, "currency": "EUR"}'),
  ('peter@example.com', 'Peter Hall', 'customer', 'silver', '+15551000016', '{"notifications": true, "currency": "USD"}'),
  ('quinn@example.com', 'Quinn Allen', 'customer', 'bronze', '+15551000017', '{"notifications": true, "currency": "USD"}'),
  ('rachel@example.com', 'Rachel Young', 'customer', 'gold', '+15551000018', '{"notifications": true, "newsletter": true, "currency": "USD"}'),
  ('sam@example.com', 'Sam King', 'customer', 'platinum', '+15551000019', '{"notifications": true, "newsletter": true, "currency": "USD"}'),
  ('tina@example.com', 'Tina Wright', 'customer', 'silver', '+15551000020', '{"notifications": true, "currency": "GBP"}'),
  ('admin@example.com', 'Admin User', 'admin', 'platinum', '+15559000001', '{"notifications": true, "dashboard": "advanced"}'),
  ('support@example.com', 'Support Agent', 'support', 'platinum', '+15559000002', '{"notifications": true}'),
  ('uma@example.com', 'Uma Patel', 'customer', 'bronze', '+15551000023', '{"notifications": true, "currency": "INR"}'),
  ('victor@example.com', 'Victor Nguyen', 'customer', 'silver', '+15551000024', '{"notifications": true, "currency": "USD"}'),
  ('wendy@example.com', 'Wendy Scott', 'customer', 'gold', '+15551000025', '{"notifications": true, "newsletter": true, "currency": "USD"}'),
  ('xander@example.com', 'Xander Moore', 'customer', 'bronze', '+15551000026', '{"notifications": false, "currency": "USD"}'),
  ('yara@example.com', 'Yara Adams', 'customer', 'silver', '+15551000027', '{"notifications": true, "currency": "EUR"}'),
  ('zach@example.com', 'Zach Baker', 'customer', 'gold', '+15551000028', '{"notifications": true, "currency": "USD"}'),
  ('amber@example.com', 'Amber Collins', 'customer', 'platinum', '+15551000029', '{"notifications": true, "newsletter": true, "currency": "USD"}'),
  ('blake@example.com', 'Blake Rivera', 'customer', 'bronze', '+15551000030', '{"notifications": true, "currency": "USD"}'),
  ('clara@example.com', 'Clara Foster', 'customer', 'silver', '+15551000031', '{"notifications": true, "currency": "USD"}'),
  ('derek@example.com', 'Derek Murphy', 'customer', 'gold', '+15551000032', '{"notifications": true, "currency": "GBP"}'),
  ('elena@example.com', 'Elena Diaz', 'customer', 'bronze', '+15551000033', '{"notifications": true, "currency": "EUR", "language": "es"}'),
  ('felix@example.com', 'Felix Howard', 'customer', 'silver', '+15551000034', '{"notifications": false, "currency": "USD"}'),
  ('gina@example.com', 'Gina Torres', 'customer', 'gold', '+15551000035', '{"notifications": true, "newsletter": true, "currency": "USD"}'),
  ('henry@example.com', 'Henry Ward', 'customer', 'bronze', '+15551000036', '{"notifications": true, "currency": "USD"}'),
  ('isla@example.com', 'Isla Reed', 'customer', 'platinum', '+15551000037', '{"notifications": true, "newsletter": true, "currency": "USD"}'),
  ('james@example.com', 'James Cooper', 'customer', 'silver', '+15551000038', '{"notifications": true, "currency": "USD"}'),
  ('kate@example.com', 'Kate Bailey', 'customer', 'gold', '+15551000039', '{"notifications": true, "currency": "USD"}'),
  ('liam@example.com', 'Liam Price', 'customer', 'bronze', '+15551000040', '{"notifications": true, "currency": "CAD"}'),
  ('maya@example.com', 'Maya Ross', 'customer', 'silver', '+15551000041', '{"notifications": true, "currency": "USD"}'),
  ('nate@example.com', 'Nate Perry', 'customer', 'gold', '+15551000042', '{"notifications": true, "newsletter": true, "currency": "USD"}'),
  ('olive@example.com', 'Olive Hughes', 'customer', 'bronze', '+15551000043', '{"notifications": false, "currency": "USD"}'),
  ('paul@example.com', 'Paul Jenkins', 'customer', 'platinum', '+15551000044', '{"notifications": true, "newsletter": true, "currency": "USD"}'),
  ('rosa@example.com', 'Rosa Gutierrez', 'customer', 'silver', '+15551000045', '{"notifications": true, "currency": "USD", "language": "es"}'),
  ('steve@example.com', 'Steve Long', 'customer', 'gold', '+15551000046', '{"notifications": true, "currency": "USD"}'),
  ('tara@example.com', 'Tara Simmons', 'customer', 'bronze', '+15551000047', '{"notifications": true, "currency": "EUR"}'),
  ('ursula@example.com', 'Ursula Grant', 'customer', 'silver', '+15551000048', '{"notifications": true, "currency": "USD"}'),
  ('vince@example.com', 'Vince Russell', 'customer', 'gold', '+15551000049', '{"notifications": true, "newsletter": true, "currency": "USD"}'),
  ('willa@example.com', 'Willa Hart', 'customer', 'bronze', '+15551000050', '{"notifications": true, "currency": "USD"}');

-- Addresses (75)
INSERT INTO addresses (user_id, label, street, suite, city, state, zip, country, is_default) VALUES
  (1, 'home', '123 Main St', 'Apt 4B', 'Springfield', 'IL', '62701', 'US', true),
  (1, 'work', '500 Commerce Blvd', 'Suite 200', 'Springfield', 'IL', '62704', 'US', false),
  (1, 'parents', '88 Elm Street', NULL, 'Chicago', 'IL', '60601', 'US', false),
  (2, 'home', '456 Oak Ave', NULL, 'Portland', 'OR', '97201', 'US', true),
  (2, 'office', '789 Tech Park Dr', 'Floor 3', 'Portland', 'OR', '97204', 'US', false),
  (3, 'home', '789 Pine Rd', NULL, 'Austin', 'TX', '73301', 'US', true),
  (3, 'vacation', '12 Beach Blvd', 'Unit 7', 'Galveston', 'TX', '77550', 'US', false),
  (4, 'home', '321 Elm Dr', NULL, 'Seattle', 'WA', '98101', 'US', true),
  (5, 'home', '654 Birch Ln', 'Apt 12A', 'Denver', 'CO', '80201', 'US', true),
  (5, 'work', '900 Market St', 'Suite 1500', 'Denver', 'CO', '80202', 'US', false),
  (5, 'warehouse', '2200 Industrial Pkwy', NULL, 'Aurora', 'CO', '80010', 'US', false),
  (6, 'home', '111 Maple Ave', NULL, 'San Francisco', 'CA', '94102', 'US', true),
  (7, 'home', '222 Cedar St', 'Unit 3', 'Boston', 'MA', '02101', 'US', true),
  (7, 'work', '55 State St', 'Floor 20', 'Boston', 'MA', '02109', 'US', false),
  (8, 'home', '333 Walnut Way', NULL, 'Phoenix', 'AZ', '85001', 'US', true),
  (9, 'home', '444 Cherry Ct', 'Apt 8', 'Miami', 'FL', '33101', 'US', true),
  (10, 'home', '555 Spruce Ln', NULL, 'Toronto', 'ON', 'M5V3L', 'CA', true),
  (11, 'home', '666 Aspen Dr', NULL, 'New York', 'NY', '10001', 'US', true),
  (11, 'work', '1 Wall St', 'Floor 45', 'New York', 'NY', '10005', 'US', false),
  (12, 'home', '777 Redwood Rd', NULL, 'Los Angeles', 'CA', '90001', 'US', true),
  (12, 'beach', '100 Pacific Coast Hwy', 'Unit 5', 'Malibu', 'CA', '90265', 'US', false),
  (13, 'home', '888 Willow St', NULL, 'Chicago', 'IL', '60602', 'US', true),
  (14, 'home', '999 Poplar Ave', 'Apt 2C', 'Houston', 'TX', '77001', 'US', true),
  (15, 'home', '1010 Magnolia Blvd', NULL, 'Atlanta', 'GA', '30301', 'US', true),
  (15, 'lake', '45 Lakeshore Dr', NULL, 'Lake Lanier', 'GA', '30506', 'US', false),
  (16, 'home', '1111 Cypress Way', NULL, 'Dallas', 'TX', '75201', 'US', true),
  (17, 'home', '1212 Juniper Ln', 'Suite B', 'Nashville', 'TN', '37201', 'US', true),
  (18, 'home', '1313 Dogwood Dr', NULL, 'Charlotte', 'NC', '28201', 'US', true),
  (18, 'work', '200 S Tryon St', 'Floor 12', 'Charlotte', 'NC', '28202', 'US', false),
  (19, 'home', '1414 Hickory St', NULL, 'San Diego', 'CA', '92101', 'US', true),
  (19, 'office', '600 B St', 'Suite 800', 'San Diego', 'CA', '92101', 'US', false),
  (20, 'home', '1515 Sycamore Ave', NULL, 'London', 'EN', 'SW1A1', 'GB', true),
  (23, 'home', '1818 Banyan Rd', NULL, 'Mumbai', 'MH', '400001', 'IN', true),
  (24, 'home', '1919 Sequoia Way', NULL, 'San Jose', 'CA', '95101', 'US', true),
  (25, 'home', '2020 Chestnut St', 'Apt 6D', 'Philadelphia', 'PA', '19101', 'US', true),
  (25, 'work', '1700 Market St', 'Floor 30', 'Philadelphia', 'PA', '19103', 'US', false),
  (26, 'home', '2121 Pecan Pl', NULL, 'Columbus', 'OH', '43201', 'US', true),
  (27, 'home', '2222 Olive Way', NULL, 'Berlin', 'BE', '10115', 'DE', true),
  (28, 'home', '2323 Fig Ln', NULL, 'Minneapolis', 'MN', '55401', 'US', true),
  (29, 'home', '2424 Palm Dr', 'Unit 15', 'Scottsdale', 'AZ', '85251', 'US', true),
  (29, 'mountain', '300 Ski Lodge Rd', NULL, 'Flagstaff', 'AZ', '86001', 'US', false),
  (30, 'home', '2525 Ash St', NULL, 'Raleigh', 'NC', '27601', 'US', true),
  (31, 'home', '2626 Beech Ave', 'Apt 1A', 'Tampa', 'FL', '33601', 'US', true),
  (32, 'home', '2727 Hawthorn Rd', NULL, 'Manchester', 'MC', 'M13PL', 'GB', true),
  (33, 'home', '2828 Laurel Way', NULL, 'Madrid', 'MD', '28001', 'ES', true),
  (34, 'home', '2929 Birch Ct', NULL, 'Pittsburgh', 'PA', '15201', 'US', true),
  (35, 'home', '3030 Fern Dr', 'Suite 4', 'San Antonio', 'TX', '78201', 'US', true),
  (36, 'home', '3131 Ivy Ln', NULL, 'Indianapolis', 'IN', '46201', 'US', true),
  (37, 'home', '3232 Rose Way', 'Penthouse', 'Las Vegas', 'NV', '89101', 'US', true),
  (37, 'office', '3700 Las Vegas Blvd', 'Suite 500', 'Las Vegas', 'NV', '89109', 'US', false),
  (38, 'home', '3333 Tulip St', NULL, 'Milwaukee', 'WI', '53201', 'US', true),
  (39, 'home', '3434 Daisy Dr', NULL, 'Kansas City', 'MO', '64101', 'US', true),
  (40, 'home', '3535 Orchid Ave', NULL, 'Vancouver', 'BC', 'V6B1A', 'CA', true),
  (41, 'home', '3636 Lily Ln', 'Apt 9F', 'Sacramento', 'CA', '95814', 'US', true),
  (42, 'home', '3737 Iris Way', NULL, 'Salt Lake City', 'UT', '84101', 'US', true),
  (42, 'cabin', '100 Mountain View Rd', NULL, 'Park City', 'UT', '84060', 'US', false),
  (43, 'home', '3838 Violet St', NULL, 'Omaha', 'NE', '68101', 'US', true),
  (44, 'home', '3939 Jasmine Dr', 'Suite 2', 'Oakland', 'CA', '94601', 'US', true),
  (44, 'work', '1 Kaiser Plaza', 'Floor 8', 'Oakland', 'CA', '94612', 'US', false),
  (45, 'home', '4040 Azalea Ave', NULL, 'El Paso', 'TX', '79901', 'US', true),
  (46, 'home', '4141 Zinnia Way', NULL, 'Louisville', 'KY', '40201', 'US', true),
  (47, 'home', '4242 Clover Ct', NULL, 'Barcelona', 'CT', '08001', 'ES', true),
  (48, 'home', '4343 Sage Ln', NULL, 'Richmond', 'VA', '23219', 'US', true),
  (49, 'home', '4444 Thyme Dr', 'Unit 22', 'Portland', 'ME', '04101', 'US', true),
  (49, 'work', '1 Monument Sq', 'Floor 6', 'Portland', 'ME', '04101', 'US', false),
  (50, 'home', '4545 Basil St', NULL, 'Tucson', 'AZ', '85701', 'US', true);

-- Categories (12)
INSERT INTO categories (slug, name, description, parent_id, sort_order) VALUES
  ('electronics', 'Electronics', 'Electronic devices and components', NULL, 1),
  ('widgets', 'Widgets', 'Standard and specialty widgets', NULL, 2),
  ('gadgets', 'Gadgets', 'Advanced gadgets and tools', NULL, 3),
  ('accessories', 'Accessories', 'Cases, adapters, and peripherals', NULL, 4),
  ('premium-widgets', 'Premium Widgets', 'High-end widget line', 2, 1),
  ('mini-widgets', 'Mini Widgets', 'Compact widget line', 2, 2),
  ('pro-gadgets', 'Pro Gadgets', 'Professional-grade gadgets', 3, 1),
  ('starter-gadgets', 'Starter Gadgets', 'Entry-level gadgets', 3, 2),
  ('cases', 'Cases & Covers', 'Protective cases and covers', 4, 1),
  ('power', 'Power & Charging', 'Power supplies and chargers', 4, 2),
  ('adapters', 'Adapters & Cables', 'Connection adapters and cables', 4, 3),
  ('bundles', 'Bundles', 'Multi-product value bundles', NULL, 5);

-- Inventory (30 SKUs)
INSERT INTO inventory (sku, name, description, long_description, quantity_available, quantity_reserved, unit_price_cents, cost_cents, weight_grams, category, tags, attributes, is_active) VALUES
  ('WDG-001', 'Standard Widget', 'A reliable everyday widget', 'The Standard Widget is our best-selling product, trusted by over 10,000 customers worldwide. Built with precision-machined aluminum components and featuring our patented QuickLock mechanism, it delivers consistent performance in any environment. Rated for continuous operation up to 85°C with a mean time between failures of 50,000 hours.', 500, 12, 999, 450, 150, 'widgets', ARRAY['popular', 'sale', 'bestseller'], '{"color": ["blue", "red", "silver"], "material": "aluminum", "warranty_months": 24, "certifications": ["CE", "UL", "FCC"]}', true),
  ('WDG-002', 'Premium Widget', 'Our finest widget with enhanced features', 'The Premium Widget represents the pinnacle of widget engineering. Crafted from aerospace-grade titanium with hand-polished surfaces, each unit undergoes 47 quality checkpoints before shipping. Features include adaptive resonance dampening, integrated diagnostics via Bluetooth 5.3, and our exclusive LifeGuard protection system.', 200, 5, 2499, 1100, 200, 'widgets', ARRAY['premium', 'featured'], '{"color": ["titanium", "matte-black", "rose-gold"], "material": "titanium", "warranty_months": 36, "certifications": ["CE", "UL", "FCC", "ISO9001"]}', true),
  ('WDG-003', 'Mini Widget', 'Compact and portable', 'The Mini Widget packs full-size performance into a pocket-friendly form factor. At just 80 grams, it is the lightest widget in its class while maintaining 92% of the output capacity of our Standard model. Perfect for field work, travel, or anywhere space is at a premium.', 1000, 30, 499, 200, 80, 'widgets', ARRAY['popular', 'compact', 'travel'], '{"color": ["white", "black"], "material": "polycarbonate", "warranty_months": 12}', true),
  ('WDG-004', 'Widget Pro X', 'Professional-grade widget with digital display', 'The Widget Pro X bridges the gap between our consumer and industrial lines. Its integrated OLED display provides real-time feedback on 12 operating parameters, while the ruggedized housing withstands drops from up to 2 meters onto concrete. USB-C charging delivers 0-100% in 45 minutes.', 150, 3, 3999, 1800, 280, 'widgets', ARRAY['premium', 'pro', 'new'], '{"color": ["gunmetal", "orange"], "material": "carbon-fiber-reinforced-nylon", "warranty_months": 36, "display": "OLED 1.3in", "battery_mah": 2400}', true),
  ('WDG-005', 'Widget Lite', 'Budget-friendly basic widget', 'An affordable entry point to the Widget ecosystem. The Widget Lite uses simplified internals that still deliver reliable performance for everyday tasks. Ships in 100% recyclable packaging.', 2000, 0, 299, 120, 100, 'widgets', ARRAY['budget', 'eco'], '{"color": ["green", "blue"], "material": "recycled-plastic", "warranty_months": 6}', true),
  ('WDG-006', 'Widget Industrial', 'Heavy-duty widget for harsh environments', 'Rated IP68 and MIL-STD-810H compliant. The Industrial Widget operates reliably from -40°C to +125°C and withstands sustained vibration, shock, and humidity that would destroy consumer models. Used by oil rigs, mining operations, and military installations worldwide.', 75, 2, 7999, 3500, 450, 'widgets', ARRAY['industrial', 'rugged', 'mil-spec'], '{"color": ["safety-yellow", "olive-drab"], "material": "hardened-steel", "warranty_months": 60, "ip_rating": "IP68", "temp_range_c": "-40 to 125"}', true),
  ('GDG-001', 'Basic Gadget', 'Entry-level gadget', 'The Basic Gadget is your gateway to the Gadget world. Simple one-button operation, automatic calibration, and universal compatibility make it ideal for first-time users. Includes a quick-start guide in 14 languages.', 300, 8, 1999, 900, 300, 'gadgets', ARRAY['new', 'beginner'], '{"color": ["white", "gray"], "material": "ABS-plastic", "warranty_months": 12, "connectivity": "USB-C"}', true),
  ('GDG-002', 'Pro Gadget', 'Professional-grade gadget', 'The Pro Gadget is the tool of choice for demanding professionals. Dual-core processing delivers 3x the throughput of the Basic model, while 64GB of onboard storage logs up to 2 million data points. Programmable via our open-source SDK with Python and Node.js bindings.', 150, 10, 4999, 2200, 450, 'gadgets', ARRAY['premium', 'pro', 'featured'], '{"color": ["matte-black", "arctic-white"], "material": "carbon-fiber", "warranty_months": 24, "connectivity": ["USB-C", "BLE5.3", "WiFi6"], "storage_gb": 64}', true),
  ('GDG-003', 'Mega Gadget', 'Our largest and most powerful gadget', 'The Mega Gadget is an engineering marvel. Quad-core processing, 256GB storage, a 7-inch high-brightness display, and an integrated thermal management system allow it to handle workloads that would require three competing products. Hot-swappable modules let you customize its capabilities in the field.', 50, 4, 9999, 4500, 800, 'gadgets', ARRAY['premium', 'limited', 'flagship'], '{"color": ["titanium"], "material": "titanium-alloy", "warranty_months": 36, "connectivity": ["USB-C", "BLE5.3", "WiFi6", "Ethernet"], "storage_gb": 256, "display": "7in IPS 1000nit"}', true),
  ('GDG-004', 'Gadget Nano', 'Ultra-compact gadget', 'The smallest gadget ever made. At 25 grams, the Nano clips to a keychain or lanyard and delivers surprisingly capable performance for quick measurements and spot checks.', 400, 0, 1499, 650, 25, 'gadgets', ARRAY['compact', 'new', 'portable'], '{"color": ["black", "red", "blue", "green"], "material": "anodized-aluminum", "warranty_months": 12, "battery_mah": 800}', true),
  ('GDG-005', 'Gadget Studio', 'Creative professional gadget with touchscreen', 'Built for creators. The Studio features a pressure-sensitive 10-inch touchscreen, stylus support, and integrations with Adobe Creative Suite, Figma, and Blender. 512GB NVMe storage handles even the largest project files.', 80, 6, 14999, 7000, 650, 'gadgets', ARRAY['premium', 'creative', 'new'], '{"color": ["space-gray"], "material": "magnesium-alloy", "warranty_months": 24, "display": "10in OLED", "storage_gb": 512, "stylus_included": true}', true),
  ('ACC-001', 'Widget Adapter', 'Connect widgets to gadgets', 'The universal adapter that bridges the Widget and Gadget ecosystems. Supports all current and legacy connector types with automatic protocol negotiation.', 800, 20, 799, 300, 50, 'accessories', ARRAY['popular', 'essential'], '{"compatibility": ["WDG-*", "GDG-*"], "connector": "universal"}', true),
  ('ACC-002', 'Gadget Case', 'Protective carrying case', 'Hard-shell EVA case with custom-molded interior, accessory mesh pocket, and carabiner clip. Splash-proof zipper rated IPX4.', 400, 5, 1499, 600, 180, 'accessories', ARRAY['new', 'protection'], '{"fits": ["GDG-001", "GDG-002", "GDG-004"], "material": "EVA-foam", "waterproof": "IPX4"}', true),
  ('ACC-003', 'Power Supply', 'Universal power supply unit', '65W GaN charger with USB-C PD 3.1 and USB-A QC4+ ports. Folds flat for travel. Works with 100-240V input worldwide.', 600, 15, 2999, 1200, 120, 'accessories', ARRAY['essential', 'travel'], '{"wattage": 65, "ports": ["USB-C PD", "USB-A QC4+"], "input_voltage": "100-240V", "certifications": ["UL", "CE", "FCC"]}', true),
  ('ACC-004', 'Calibration Kit', 'Precision calibration tools', 'NIST-traceable calibration standards and fixtures for Pro and Mega Gadget models. Includes reference samples, alignment jig, and calibration certificate valid for 12 months.', 100, 2, 3999, 1800, 350, 'accessories', ARRAY['pro', 'precision'], '{"compatible_with": ["GDG-002", "GDG-003", "GDG-005"], "certification": "NIST-traceable", "validity_months": 12}', true),
  ('ACC-005', 'Widget Stand', 'Desktop display and charging stand', 'Elegant aluminum stand that displays your widget at the perfect viewing angle while keeping it charged via integrated wireless charging pad.', 300, 0, 1999, 800, 250, 'accessories', ARRAY['new', 'desktop'], '{"material": "aluminum", "charging": "Qi 15W", "compatible_with": ["WDG-001", "WDG-002", "WDG-004"]}', true),
  ('ACC-006', 'Premium Cable Set', 'Braided cables in 3 lengths', 'Set of three braided nylon USB-C cables (0.3m, 1m, 2m) with reinforced strain reliefs rated for 25,000+ bend cycles.', 500, 8, 1299, 400, 90, 'accessories', ARRAY['popular', 'cables'], '{"lengths_m": [0.3, 1, 2], "material": "braided-nylon", "data_rate": "USB3.2 Gen2"}', true),
  ('ACC-007', 'Travel Pouch', 'Compact organizer for accessories', 'Water-resistant nylon pouch with elastic loops and zippered mesh compartments. Fits cables, adapters, and small gadgets.', 350, 0, 899, 300, 60, 'accessories', ARRAY['travel', 'organizer'], '{"material": "ballistic-nylon", "waterproof": "IPX3", "compartments": 5}', true),
  ('ACC-008', 'Screen Protector Pack', 'Tempered glass screen protectors (3-pack)', 'Ultra-thin 0.33mm tempered glass with oleophobic coating and bubble-free adhesive. Compatible with Gadget Studio and Mega Gadget displays.', 600, 0, 699, 150, 30, 'accessories', ARRAY['protection', 'display'], '{"thickness_mm": 0.33, "hardness": "9H", "quantity": 3, "compatible_with": ["GDG-003", "GDG-005"]}', true),
  ('BDL-001', 'Widget Starter Bundle', 'Standard Widget + Adapter + Case', 'Everything you need to get started. Save 15% versus buying individually.', 200, 3, 2799, 1200, 380, 'bundles', ARRAY['bundle', 'value', 'popular'], '{"includes": ["WDG-001", "ACC-001", "ACC-002"], "discount_pct": 15}', true),
  ('BDL-002', 'Pro Bundle', 'Pro Gadget + Calibration Kit + Power Supply + Case', 'The complete professional setup at a 20% discount.', 50, 1, 9999, 4200, 1100, 'bundles', ARRAY['bundle', 'pro', 'value'], '{"includes": ["GDG-002", "ACC-004", "ACC-003", "ACC-002"], "discount_pct": 20}', true),
  ('BDL-003', 'Ultimate Bundle', 'Mega Gadget + Studio + Calibration Kit + Cable Set + Power Supply', 'Our most comprehensive package for the serious professional. Includes everything you need plus a premium carrying case.', 25, 2, 27999, 13000, 2000, 'bundles', ARRAY['bundle', 'premium', 'limited'], '{"includes": ["GDG-003", "GDG-005", "ACC-004", "ACC-006", "ACC-003"], "discount_pct": 25}', true),
  ('WDG-007', 'Widget Vintage', 'Retro-styled widget', 'A modern widget wrapped in a gorgeous walnut and brass housing. Hand-finished by our craftspeople, each unit is unique.', 30, 0, 5999, 2800, 320, 'widgets', ARRAY['limited', 'vintage', 'gift'], '{"color": ["walnut-brass"], "material": "walnut-wood-brass", "warranty_months": 24, "handmade": true}', true),
  ('GDG-006', 'Gadget Outdoor', 'Rugged outdoor gadget', 'Built for adventure. IP67 rated, shock-resistant, with an integrated GPS receiver and solar charging panel. 72-hour battery life in the field.', 120, 5, 6999, 3200, 380, 'gadgets', ARRAY['outdoor', 'rugged', 'adventure'], '{"ip_rating": "IP67", "battery_hours": 72, "solar_charging": true, "gps": true, "material": "fiber-reinforced-polymer"}', true),
  ('ACC-009', 'Wireless Charging Pad', 'Qi2 compatible fast wireless charger', 'Supports Qi2 magnetic alignment for perfect placement every time. Up to 15W fast charging.', 250, 3, 2499, 900, 95, 'accessories', ARRAY['charging', 'wireless', 'new'], '{"standard": "Qi2", "wattage": 15, "magnetic": true}', true),
  ('ACC-010', 'Mounting Bracket', 'Universal mounting solution', 'VESA-compatible mounting bracket with adjustable tilt and swivel. Supports wall, desk-clamp, and pole mounting configurations.', 180, 0, 1799, 700, 400, 'accessories', ARRAY['mounting', 'desktop', 'industrial'], '{"vesa_pattern": "75x75/100x100", "max_weight_kg": 5, "tilt_degrees": 45, "swivel_degrees": 360}', true),
  ('WDG-008', 'Widget Micro', 'Smallest widget in the lineup', 'The Widget Micro is barely larger than a coin but delivers impressive output for its size. Uses our proprietary micro-machining process for components just 0.3mm thick.', 750, 0, 399, 180, 15, 'widgets', ARRAY['compact', 'micro', 'new'], '{"weight_g": 15, "diameter_mm": 22, "thickness_mm": 8, "material": "stainless-steel"}', true),
  ('GDG-007', 'Gadget Edu', 'Educational gadget for STEM learning', 'Designed for classrooms and makerspaces. Includes curriculum-aligned lesson plans for grades 6-12, with sensors for temperature, light, sound, motion, and humidity. Blockly and Python programming support.', 500, 50, 2999, 1300, 220, 'gadgets', ARRAY['education', 'stem', 'classroom'], '{"sensors": ["temperature", "light", "sound", "motion", "humidity"], "programming": ["Blockly", "Python"], "grade_level": "6-12", "qty_per_classroom_kit": 10}', true),
  ('ACC-011', 'Anti-Static Mat', 'ESD-safe work surface', 'Conductive rubber mat with snap-on ground cord. Essential for handling sensitive electronic components.', 200, 0, 2299, 900, 800, 'accessories', ARRAY['esd', 'workspace', 'pro'], '{"size_cm": "60x120", "material": "conductive-rubber", "surface_resistance_ohm": "1e6-1e9"}', true),
  ('ACC-012', 'Lens Kit', 'Interchangeable lens set for Gadget Studio', 'Four precision-ground glass lenses (macro, wide, telephoto, fisheye) in a padded carrying case. Magnetic snap-on mounting.', 60, 4, 4999, 2200, 280, 'accessories', ARRAY['creative', 'pro', 'lenses'], '{"lenses": ["macro 10x", "wide 0.6x", "telephoto 2x", "fisheye 180deg"], "mount_type": "magnetic", "compatible_with": ["GDG-005"]}', true);

-- Coupons (8)
INSERT INTO coupons (code, description, discount_type, discount_value, min_order_cents, max_uses, current_uses, valid_from, valid_until, is_active) VALUES
  ('WELCOME10', 'Welcome discount: 10% off first order', 'percent', 10, 1000, NULL, 847, '2026-01-01', '2026-12-31', true),
  ('SAVE20', 'Save $20 on orders over $100', 'fixed', 2000, 10000, 500, 312, '2026-01-01', '2026-12-31', true),
  ('FREESHIP', 'Free shipping on any order', 'shipping', 100, 0, NULL, 1523, '2026-01-01', '2026-12-31', true),
  ('PROBUNDLE', '25% off Pro Bundle', 'percent', 25, 5000, 100, 45, '2026-03-01', '2026-09-30', true),
  ('SUMMER15', 'Summer sale: 15% off everything', 'percent', 15, 0, NULL, 2891, '2026-06-01', '2026-08-31', true),
  ('VIP30', 'VIP exclusive: 30% off', 'percent', 30, 5000, 50, 12, '2026-01-01', '2026-12-31', true),
  ('BULKORDER', '$50 off orders over $500', 'fixed', 5000, 50000, 200, 67, '2026-01-01', '2026-12-31', true),
  ('EXPIRED2025', 'Expired promo', 'percent', 20, 0, 100, 100, '2025-01-01', '2025-12-31', false);

-- Orders (40)
INSERT INTO orders (user_id, status, total_cents, subtotal_cents, tax_cents, shipping_cents, discount_cents, currency, shipping_address_id, billing_address_id, payment_method, payment_ref, notes, metadata, placed_at, shipped_at, delivered_at) VALUES
  (1, 'completed', 3847, 3497, 350, 0, 0, 'USD', 1, 1, 'credit_card', 'ch_abc001', NULL, '{"coupon": "FREESHIP", "source": "web"}', '2026-01-15 10:30:00', '2026-01-16 08:00:00', '2026-01-19 14:22:00'),
  (1, 'completed', 5499, 4999, 500, 0, 0, 'USD', 2, 1, 'credit_card', 'ch_abc002', 'Gift wrap requested', '{"source": "web", "gift": true}', '2026-02-10 14:15:00', '2026-02-11 09:30:00', '2026-02-14 11:45:00'),
  (2, 'shipped', 2748, 2498, 250, 0, 0, 'USD', 4, 4, 'paypal', 'pp_def001', NULL, '{"source": "mobile"}', '2026-03-05 09:00:00', '2026-03-06 07:45:00', NULL),
  (3, 'pending', 10999, 9999, 1000, 0, 0, 'USD', 6, 6, 'credit_card', NULL, 'Waiting for stock', '{"source": "web", "backorder": true}', '2026-04-01 16:30:00', NULL, NULL),
  (4, 'cancelled', 2198, 1998, 200, 0, 0, 'USD', 8, 8, 'credit_card', 'ch_ghi001', 'Customer changed mind', '{"source": "web", "cancel_reason": "changed_mind"}', '2026-03-20 11:00:00', NULL, NULL),
  (5, 'completed', 8247, 7497, 750, 0, 0, 'USD', 9, 9, 'credit_card', 'ch_jkl001', NULL, '{"source": "web", "coupon": "WELCOME10"}', '2026-02-28 13:45:00', '2026-03-01 10:15:00', '2026-03-04 16:30:00'),
  (6, 'completed', 1099, 999, 100, 0, 0, 'GBP', 12, 12, 'credit_card', 'ch_mno001', NULL, '{"source": "web"}', '2026-04-10 08:20:00', '2026-04-11 06:00:00', '2026-04-15 09:30:00'),
  (7, 'shipped', 5799, 5298, 501, 0, 0, 'USD', 13, 13, 'credit_card', 'ch_pqr001', 'Expedited shipping', '{"source": "web", "shipping_tier": "express"}', '2026-05-01 10:00:00', '2026-05-01 16:00:00', NULL),
  (8, 'completed', 549, 499, 50, 0, 0, 'USD', 15, 15, 'debit_card', 'ch_stu001', NULL, '{"source": "mobile"}', '2026-03-15 20:10:00', '2026-03-16 08:30:00', '2026-03-19 12:00:00'),
  (9, 'completed', 3299, 2999, 300, 0, 0, 'USD', 16, 16, 'paypal', 'pp_vwx001', NULL, '{"source": "web"}', '2026-04-20 15:30:00', '2026-04-21 09:00:00', '2026-04-24 14:15:00'),
  (10, 'pending', 1649, 1499, 150, 0, 0, 'CAD', 17, 17, 'credit_card', NULL, NULL, '{"source": "web"}', '2026-05-15 11:00:00', NULL, NULL),
  (11, 'completed', 30799, 27999, 2800, 0, 0, 'USD', 18, 19, 'credit_card', 'ch_yz001', 'Corporate purchase', '{"source": "web", "corporate": true, "po_number": "PO-2026-0042"}', '2026-01-20 09:00:00', '2026-01-21 07:00:00', '2026-01-24 10:30:00'),
  (12, 'completed', 16499, 14999, 1500, 0, 0, 'USD', 20, 20, 'credit_card', 'ch_ab002', NULL, '{"source": "web"}', '2026-02-05 12:00:00', '2026-02-06 08:30:00', '2026-02-09 15:00:00'),
  (13, 'shipped', 4399, 3998, 401, 0, 0, 'USD', 22, 22, 'paypal', 'pp_cd001', NULL, '{"source": "web"}', '2026-05-20 14:00:00', '2026-05-21 10:00:00', NULL),
  (14, 'completed', 329, 299, 30, 0, 0, 'USD', 23, 23, 'credit_card', 'ch_ef001', NULL, '{"source": "mobile"}', '2026-04-05 18:45:00', '2026-04-06 07:30:00', '2026-04-09 11:20:00'),
  (15, 'completed', 8799, 7999, 800, 0, 0, 'USD', 24, 24, 'credit_card', 'ch_gh001', NULL, '{"source": "web", "coupon": "SAVE20"}', '2026-03-10 10:30:00', '2026-03-11 08:00:00', '2026-03-14 13:45:00'),
  (1, 'completed', 6599, 5999, 600, 0, 0, 'USD', 1, 2, 'credit_card', 'ch_ij001', NULL, '{"source": "web"}', '2026-05-05 09:15:00', '2026-05-06 07:00:00', '2026-05-09 14:30:00'),
  (5, 'completed', 3079, 2799, 280, 0, 0, 'USD', 10, 9, 'credit_card', 'ch_kl001', 'Second widget purchase', '{"source": "web"}', '2026-04-15 11:20:00', '2026-04-16 08:00:00', '2026-04-19 16:00:00'),
  (19, 'completed', 11549, 10498, 1051, 0, 0, 'USD', 30, 31, 'credit_card', 'ch_mn001', 'Bulk order for lab', '{"source": "web", "department": "R&D"}', '2026-02-20 08:00:00', '2026-02-21 06:00:00', '2026-02-24 10:00:00'),
  (25, 'shipped', 4399, 3999, 400, 0, 0, 'USD', 35, 36, 'paypal', 'pp_op001', NULL, '{"source": "web"}', '2026-05-25 15:00:00', '2026-05-26 09:00:00', NULL),
  (29, 'completed', 2749, 2499, 250, 0, 0, 'USD', 40, 40, 'credit_card', 'ch_qr001', NULL, '{"source": "mobile"}', '2026-03-28 19:00:00', '2026-03-29 08:00:00', '2026-04-01 12:30:00'),
  (37, 'completed', 16499, 14999, 1500, 0, 0, 'USD', 49, 50, 'credit_card', 'ch_st001', 'Penthouse delivery — call first', '{"source": "web", "delivery_notes": "call before delivery"}', '2026-04-02 10:00:00', '2026-04-03 07:00:00', '2026-04-06 15:00:00'),
  (2, 'completed', 879, 799, 80, 0, 0, 'USD', 4, 5, 'debit_card', 'ch_uv001', NULL, '{"source": "mobile"}', '2026-05-10 12:30:00', '2026-05-11 08:00:00', '2026-05-14 13:00:00'),
  (12, 'pending', 7699, 6999, 700, 0, 0, 'USD', 20, 21, 'credit_card', NULL, 'Awaiting payment confirmation', '{"source": "web"}', '2026-06-01 09:00:00', NULL, NULL),
  (7, 'completed', 2199, 1999, 200, 0, 0, 'USD', 14, 14, 'paypal', 'pp_wx001', NULL, '{"source": "web"}', '2026-06-05 14:30:00', '2026-06-06 08:00:00', '2026-06-09 11:30:00'),
  (35, 'shipped', 3299, 2999, 300, 0, 0, 'USD', 47, 47, 'credit_card', 'ch_yz002', NULL, '{"source": "web"}', '2026-06-10 10:00:00', '2026-06-11 07:00:00', NULL),
  (44, 'completed', 10999, 9999, 1000, 0, 0, 'USD', 58, 59, 'credit_card', 'ch_ab003', 'Corporate account', '{"source": "web", "corporate": true}', '2026-05-18 08:45:00', '2026-05-19 06:30:00', '2026-05-22 14:00:00'),
  (3, 'completed', 1649, 1499, 150, 0, 0, 'USD', 7, 6, 'paypal', 'pp_cd002', NULL, '{"source": "web"}', '2026-06-12 16:00:00', '2026-06-13 09:00:00', '2026-06-16 12:00:00'),
  (16, 'completed', 5499, 4999, 500, 0, 0, 'USD', 26, 26, 'credit_card', 'ch_ef002', NULL, '{"source": "web", "coupon": "SUMMER15"}', '2026-06-15 11:30:00', '2026-06-16 07:45:00', '2026-06-19 15:30:00'),
  (42, 'pending', 6599, 5999, 600, 0, 0, 'USD', 55, 56, 'credit_card', NULL, NULL, '{"source": "mobile"}', '2026-06-20 09:30:00', NULL, NULL),
  (9, 'shipped', 1429, 1299, 130, 0, 0, 'USD', 16, 16, 'debit_card', 'ch_gh002', NULL, '{"source": "web"}', '2026-06-18 13:15:00', '2026-06-19 08:00:00', NULL),
  (21, 'completed', 879, 799, 80, 0, 0, 'USD', 18, 18, 'credit_card', 'ch_admin01', 'Admin test purchase', '{"source": "internal", "admin_test": true}', '2026-01-05 08:00:00', '2026-01-05 08:05:00', '2026-01-05 08:10:00'),
  (28, 'completed', 3299, 2999, 300, 0, 0, 'USD', 39, 39, 'paypal', 'pp_ij001', NULL, '{"source": "web"}', '2026-04-25 10:00:00', '2026-04-26 07:30:00', '2026-04-29 14:00:00'),
  (33, 'completed', 2199, 1999, 200, 0, 0, 'EUR', 45, 45, 'credit_card', 'ch_kl002', NULL, '{"source": "web", "language": "es"}', '2026-05-08 09:00:00', '2026-05-09 06:00:00', '2026-05-13 10:00:00'),
  (46, 'completed', 439, 399, 40, 0, 0, 'USD', 61, 61, 'credit_card', 'ch_mn002', NULL, '{"source": "mobile"}', '2026-06-08 17:45:00', '2026-06-09 08:00:00', '2026-06-12 11:00:00'),
  (50, 'pending', 9999, 9999, 0, 0, 0, 'USD', 66, 66, 'credit_card', NULL, NULL, '{"source": "web"}', '2026-06-22 14:00:00', NULL, NULL),
  (18, 'completed', 4399, 3999, 400, 0, 0, 'USD', 28, 29, 'credit_card', 'ch_op001', NULL, '{"source": "web"}', '2026-03-22 11:30:00', '2026-03-23 08:00:00', '2026-03-26 15:00:00'),
  (39, 'shipped', 1099, 999, 100, 0, 0, 'USD', 52, 52, 'debit_card', 'ch_qr002', NULL, '{"source": "mobile"}', '2026-06-17 10:00:00', '2026-06-18 07:00:00', NULL),
  (24, 'completed', 7699, 6999, 700, 0, 0, 'USD', 34, 34, 'paypal', 'pp_st001', 'Rush order', '{"source": "web", "shipping_tier": "overnight"}', '2026-04-08 07:00:00', '2026-04-08 14:00:00', '2026-04-09 09:30:00'),
  (48, 'completed', 2529, 2299, 230, 0, 0, 'USD', 63, 63, 'credit_card', 'ch_uv002', NULL, '{"source": "web"}', '2026-05-30 12:00:00', '2026-05-31 08:00:00', '2026-06-03 14:00:00');

-- Order Items (90+)
INSERT INTO order_items (order_id, sku, name, quantity, unit_price_cents, discount_cents, metadata) VALUES
  (1, 'WDG-001', 'Standard Widget', 2, 999, 0, '{"color": "blue", "warranty": true}'),
  (1, 'ACC-001', 'Widget Adapter', 1, 799, 0, '{"compatible_with": ["WDG-001", "WDG-002"]}'),
  (1, 'WDG-003', 'Mini Widget', 1, 499, 0, NULL),
  (2, 'GDG-002', 'Pro Gadget', 1, 4999, 0, '{"serial": "PG-20260001", "calibrated": true}'),
  (3, 'WDG-001', 'Standard Widget', 1, 999, 0, NULL),
  (3, 'ACC-002', 'Gadget Case', 1, 1499, 0, '{"size": "large"}'),
  (4, 'GDG-003', 'Mega Gadget', 1, 9999, 0, '{"serial": "MG-20260001"}'),
  (5, 'WDG-001', 'Standard Widget', 2, 999, 0, NULL),
  (6, 'WDG-002', 'Premium Widget', 3, 2499, 0, '{"engraving": "EVE"}'),
  (7, 'WDG-001', 'Standard Widget', 1, 999, 100, '{"color": "silver"}'),
  (8, 'WDG-002', 'Premium Widget', 1, 2499, 0, '{"color": "rose-gold"}'),
  (8, 'ACC-003', 'Power Supply', 1, 2999, 200, NULL),
  (9, 'WDG-003', 'Mini Widget', 1, 499, 0, '{"color": "white"}'),
  (10, 'ACC-003', 'Power Supply', 1, 2999, 0, NULL),
  (11, 'GDG-004', 'Gadget Nano', 1, 1499, 0, '{"color": "red"}'),
  (12, 'BDL-003', 'Ultimate Bundle', 1, 27999, 0, '{"serial_mega": "MG-20260002", "serial_studio": "GS-20260001"}'),
  (13, 'GDG-005', 'Gadget Studio', 1, 14999, 0, '{"serial": "GS-20260002"}'),
  (14, 'GDG-001', 'Basic Gadget', 2, 1999, 0, NULL),
  (15, 'WDG-005', 'Widget Lite', 1, 299, 0, NULL),
  (16, 'WDG-006', 'Widget Industrial', 1, 7999, 0, '{"mil_spec_cert": "MSC-2026-001"}'),
  (17, 'WDG-007', 'Widget Vintage', 1, 5999, 0, '{"wood_grain": "AA-grade", "brass_finish": "polished"}'),
  (18, 'BDL-001', 'Widget Starter Bundle', 1, 2799, 0, NULL),
  (19, 'GDG-002', 'Pro Gadget', 2, 4999, 0, '{"serial": ["PG-20260002", "PG-20260003"]}'),
  (19, 'ACC-004', 'Calibration Kit', 1, 3999, 0, NULL),
  (20, 'WDG-004', 'Widget Pro X', 1, 3999, 0, '{"color": "gunmetal"}'),
  (21, 'WDG-002', 'Premium Widget', 1, 2499, 0, '{"color": "matte-black"}'),
  (22, 'GDG-005', 'Gadget Studio', 1, 14999, 0, '{"serial": "GS-20260003"}'),
  (23, 'ACC-001', 'Widget Adapter', 1, 799, 0, NULL),
  (24, 'GDG-006', 'Gadget Outdoor', 1, 6999, 0, '{"serial": "GO-20260001"}'),
  (25, 'ACC-005', 'Widget Stand', 1, 1999, 0, NULL),
  (26, 'ACC-003', 'Power Supply', 1, 2999, 0, NULL),
  (27, 'GDG-003', 'Mega Gadget', 1, 9999, 0, '{"serial": "MG-20260003"}'),
  (28, 'GDG-004', 'Gadget Nano', 1, 1499, 0, '{"color": "blue"}'),
  (29, 'GDG-002', 'Pro Gadget', 1, 4999, 0, '{"serial": "PG-20260004"}'),
  (30, 'BDL-002', 'Pro Bundle', 1, 9999, 0, '{"serial": "PG-20260005"}'),
  (30, 'ACC-006', 'Premium Cable Set', 1, 1299, 0, NULL),
  (31, 'ACC-006', 'Premium Cable Set', 1, 1299, 0, NULL),
  (32, 'ACC-001', 'Widget Adapter', 1, 799, 0, NULL),
  (33, 'ACC-003', 'Power Supply', 1, 2999, 0, NULL),
  (34, 'GDG-001', 'Basic Gadget', 1, 1999, 0, NULL),
  (35, 'WDG-001', 'Standard Widget', 1, 999, 0, '{"color": "red"}'),
  (36, 'GDG-003', 'Mega Gadget', 1, 9999, 0, '{"serial": "MG-20260004", "backorder": true}'),
  (37, 'WDG-004', 'Widget Pro X', 1, 3999, 0, '{"color": "orange"}'),
  (38, 'WDG-001', 'Standard Widget', 1, 999, 0, NULL),
  (39, 'GDG-006', 'Gadget Outdoor', 1, 6999, 0, '{"serial": "GO-20260002"}'),
  (40, 'ACC-009', 'Wireless Charging Pad', 1, 2499, 200, NULL),
  (1, 'ACC-007', 'Travel Pouch', 1, 899, 899, '{"freebie": true}'),
  (6, 'ACC-008', 'Screen Protector Pack', 1, 699, 699, '{"freebie": true}'),
  (8, 'ACC-007', 'Travel Pouch', 1, 899, 0, NULL),
  (12, 'ACC-004', 'Calibration Kit', 1, 3999, 3999, '{"included_in_bundle": true}'),
  (17, 'ACC-001', 'Widget Adapter', 1, 799, 799, '{"included_in_bundle": true}'),
  (17, 'ACC-002', 'Gadget Case', 1, 1499, 1499, '{"included_in_bundle": true}'),
  (19, 'ACC-011', 'Anti-Static Mat', 1, 2299, 0, NULL),
  (22, 'ACC-012', 'Lens Kit', 1, 4999, 4999, '{"included_as_gift": true}'),
  (27, 'ACC-005', 'Widget Stand', 1, 1999, 1999, '{"promo": "buy_mega_get_stand_free"}'),
  (30, 'WDG-005', 'Widget Lite', 3, 299, 0, '{"classroom_order": true}');

-- Reviews (60)
INSERT INTO reviews (user_id, sku, rating, title, body, verified_purchase, helpful_count) VALUES
  (1, 'WDG-001', 5, 'Best widget ever!', 'I have been using this widget daily for 3 months and it has never let me down. The build quality is excellent and the QuickLock mechanism is a joy to use. Highly recommend to anyone looking for a reliable everyday widget.', true, 42),
  (2, 'WDG-001', 4, 'Great value', 'Good widget for the price. Does everything it promises. Only giving 4 stars because I wish it came in more colors.', true, 18),
  (3, 'WDG-001', 5, 'Third one I have bought', 'Keep buying these as gifts for friends and family. Everyone loves them. The aluminum construction feels premium and the warranty is generous.', true, 31),
  (5, 'WDG-002', 5, 'Worth every penny', 'The Premium Widget is in a different league. The titanium body is gorgeous and the Bluetooth diagnostics are incredibly useful. I use the LifeGuard protection daily. This is the widget for serious users.', true, 67),
  (7, 'WDG-002', 5, 'Premium quality', 'Upgraded from the Standard and the difference is night and day. The adaptive resonance dampening alone is worth the price increase. The rose-gold finish is stunning.', true, 29),
  (11, 'WDG-002', 4, 'Almost perfect', 'Fantastic widget but the app could use some polish. The hardware itself is flawless. Battery life with Bluetooth active is shorter than I expected.', true, 15),
  (8, 'WDG-003', 4, 'Perfect for travel', 'I take this everywhere. It fits in my jacket pocket and weighs almost nothing. Performance is surprisingly close to the full-size Standard model.', true, 23),
  (14, 'WDG-003', 5, 'Great little widget', 'Do not let the size fool you. This Mini Widget punches way above its weight. Perfect for quick jobs and field work.', true, 12),
  (9, 'WDG-003', 3, 'Good but basic', 'It works fine for basic tasks but I found myself wanting the features of the Standard model. If you only do simple work, this is fine.', true, 8),
  (19, 'WDG-004', 5, 'Game changer for pros', 'The OLED display showing real-time parameters has transformed my workflow. I can now see exactly what is happening without connecting to a computer. The ruggedized housing survived a drop from my workbench — no damage at all.', true, 45),
  (25, 'WDG-004', 4, 'Excellent upgrade', 'Coming from the Standard Widget, the Pro X feels like jumping two generations ahead. The USB-C charging is fast and the display is crisp.', true, 19),
  (14, 'WDG-005', 4, 'Honest budget option', 'Does not pretend to be something it is not. For basic everyday tasks, this is all you need. Love the eco-friendly packaging too.', true, 11),
  (26, 'WDG-005', 3, 'You get what you pay for', 'It works but feels cheap compared to the Standard. Fine for occasional use but I would not rely on it for daily work.', false, 7),
  (15, 'WDG-006', 5, 'Built like a tank', 'We deployed six of these on our rig and they have been running flawlessly in extreme conditions for 4 months. Temperature swings from -20 to +50C and constant vibration — no issues whatsoever.', true, 89),
  (44, 'WDG-006', 5, 'Industrial grade means industrial grade', 'This is not marketing fluff. We tested it at -30C and it worked perfectly. The IP68 rating is legit — we submerged it accidentally and it was fine.', true, 54),
  (1, 'GDG-001', 4, 'Great starter gadget', 'Perfect for getting into the Gadget ecosystem. Simple to set up and the auto-calibration works well. I am already eyeing the Pro model for more advanced work.', true, 16),
  (4, 'GDG-001', 3, 'Decent but limited', 'Good for beginners but I outgrew it quickly. If you think you might need more power, just go for the Pro from the start.', true, 21),
  (13, 'GDG-001', 5, 'Perfect classroom gadget', 'We bought 30 for our STEM lab and the students love them. The simple one-button operation means less time troubleshooting and more time learning.', true, 38),
  (5, 'GDG-002', 4, 'Excellent for professional use', 'The dual-core processing makes a huge difference for batch operations. The Python SDK is well documented and I had custom scripts running within an hour.', true, 33),
  (19, 'GDG-002', 5, 'The workhorse', 'This is the tool I reach for every single day. Reliable, fast, and the 64GB storage means I never have to worry about running out of space for data logs.', true, 47),
  (7, 'GDG-002', 5, 'Worth the investment', 'Paid for itself within the first month. The BLE connectivity and the Node.js SDK let me build automated monitoring dashboards easily.', true, 28),
  (37, 'GDG-003', 5, 'Nothing else comes close', 'The Mega Gadget is in a class of its own. The 7-inch display is gorgeous, the quad-core processing handles anything I throw at it, and the hot-swappable modules are genius.', true, 71),
  (12, 'GDG-003', 5, 'Flagship for a reason', 'Every feature is best-in-class. The thermal management system lets it run at full power indefinitely without throttling.', true, 56),
  (11, 'GDG-003', 4, 'Amazing but heavy', 'Performance and features are incredible. My only complaint is the weight — at 800g, it is a lot to carry around all day. Worth it for the capability though.', true, 22),
  (24, 'GDG-004', 5, 'Surprisingly capable for its size', 'I was skeptical but the Nano is genuinely useful. I keep it on my keychain and use it for quick spot checks multiple times a day. Battery lasts about a week with daily use.', true, 19),
  (30, 'GDG-004', 4, 'Nice gadget to have', 'Not a replacement for a full-size gadget but great for when you just need a quick measurement. The clip design is clever.', true, 9),
  (22, 'GDG-005', 5, 'Creative dream tool', 'The pressure-sensitive touchscreen is incredibly responsive. Coming from a Wacom tablet, this feels more natural. The Figma integration is seamless.', true, 41),
  (37, 'GDG-005', 5, 'Best purchase of the year', 'The Studio has completely changed my workflow. 512GB is plenty for even my largest projects. The stylus precision is remarkable.', true, 36),
  (1, 'ACC-001', 5, 'Essential accessory', 'If you have both widgets and gadgets, you need this adapter. Works flawlessly with all my devices. The automatic protocol negotiation is seamless.', true, 25),
  (2, 'ACC-001', 4, 'Works as advertised', 'Simple, reliable adapter. Nothing fancy but it does exactly what it should.', true, 8),
  (7, 'ACC-002', 4, 'Good protection', 'The hard-shell case fits my Pro Gadget perfectly. The mesh pocket is handy for cables. The splash-proof zipper gives me confidence carrying it in the rain.', true, 14),
  (13, 'ACC-002', 5, 'Saved my gadget', 'Dropped my bag down a flight of stairs. Gadget was perfectly fine in this case. The EVA foam is thick and well-molded.', true, 33),
  (5, 'ACC-003', 5, 'Best charger I own', 'The GaN technology means this 65W charger is smaller than most 30W chargers. Charges everything fast. I travel with this exclusively now.', true, 29),
  (19, 'ACC-003', 5, 'Universal and compact', 'Works with 100-240V so I use it everywhere I travel. Folds flat in my bag. The dual-port setup charges my gadget and phone simultaneously.', true, 17),
  (19, 'ACC-004', 5, 'Lab essential', 'NIST-traceable calibration at this price point is a steal. The alignment jig makes the process quick and repeatable. Calibration certificate was accepted by our quality department without question.', true, 42),
  (5, 'ACC-005', 4, 'Elegant and functional', 'Beautiful stand that keeps my widget charged. The viewing angle is perfect for my desk setup. Wish it charged a bit faster than 15W.', true, 11),
  (1, 'ACC-006', 5, 'Cables that last', 'I have destroyed countless cheap cables but these braided ones are indestructible. The strain relief at the connectors is excellent. Having 3 lengths in one set is great.', true, 20),
  (8, 'ACC-007', 4, 'Handy travel organizer', 'Keeps all my cables and adapters neatly organized. The elastic loops hold everything in place even when the pouch is stuffed full.', true, 7),
  (22, 'ACC-008', 3, 'Does the job', 'Screen protectors are screen protectors. These are fine — no bubbles, decent oleophobic coating. Nothing special but they protect the display.', true, 5),
  (29, 'BDL-001', 5, 'Best value starter kit', 'Getting the widget, adapter, and case together at 15% off is a no-brainer. Everything works together perfectly out of the box.', true, 34),
  (5, 'BDL-002', 5, 'Everything a pro needs', 'Saved 20% by getting the bundle instead of buying pieces individually. The calibration kit alone justifies the Pro Gadget. Could not be happier with this purchase.', true, 28),
  (11, 'BDL-003', 5, 'The ultimate setup', 'Yes, it is expensive. But you get the Mega Gadget AND the Studio together. The 25% discount means you are basically getting the accessories for free. If you are serious about this, there is no better way to buy.', true, 63),
  (23, 'WDG-007', 5, 'A work of art', 'The walnut and brass finish is absolutely gorgeous. Each unit really is unique — the wood grain on mine is beautiful. It is also a great performer, not just a looker.', true, 38),
  (32, 'WDG-007', 5, 'Perfect gift', 'Bought this for my partner and they were blown away by the craftsmanship. The hand-finishing is evident in every detail.', false, 15),
  (24, 'GDG-006', 5, 'Trail tested and approved', 'Took this on a 10-day backpacking trip. Solar panel kept it charged, GPS was accurate, and it survived rain, dust, and a tumble into a creek. Cannot recommend enough for outdoor use.', true, 52),
  (29, 'GDG-006', 4, 'Great outdoor companion', 'IP67 rating is legit — used it in heavy rain with no issues. The GPS accuracy is within 3 meters. Only minor complaint is the solar charging is slow in overcast conditions.', true, 18),
  (37, 'ACC-009', 4, 'Convenient charging', 'The Qi2 magnetic alignment means I just set my gadget down and it starts charging — no fiddling with placement. 15W is fast enough for overnight charging.', true, 10),
  (15, 'ACC-010', 5, 'Rock solid mount', 'VESA compatible and incredibly sturdy. The tilt and swivel adjustments are smooth and stay where you set them. Supports my Mega Gadget with zero wobble.', true, 16),
  (9, 'WDG-008', 5, 'Impossibly small', 'I cannot believe how tiny this is. And it actually works well! Perfect for carrying as a backup in my EDC pouch.', true, 21),
  (40, 'WDG-008', 4, 'Cute and functional', 'The Micro is adorable and surprisingly useful. The stainless steel construction feels premium despite the tiny size.', true, 6),
  (13, 'GDG-007', 5, 'Transformed our STEM program', 'The curriculum-aligned lesson plans saved us weeks of prep time. Students love the Blockly programming interface. The sensor suite covers all the experiments in our syllabus.', true, 44),
  (44, 'GDG-007', 5, 'Best educational gadget', 'We replaced 5 separate tools with the Edu gadget. The Python support means advanced students can graduate from Blockly when they are ready. Brilliant product.', true, 31),
  (19, 'ACC-011', 5, 'Lab necessity', 'Should be mandatory in any electronics workspace. Good size, stays flat, and the ground cord reaches easily to any outlet. Proper ESD protection at a fair price.', true, 13),
  (37, 'ACC-012', 5, 'Stunning optics', 'The magnetic mount is genius — swap lenses in seconds with a satisfying click. The macro lens reveals incredible detail. The fisheye is fun for creative shots.', true, 27),
  (22, 'ACC-012', 4, 'Great lens variety', 'Four lenses cover most use cases. The glass quality is excellent — sharp corner to corner. Wish there was a super-telephoto option.', true, 14),
  (6, 'WDG-001', 4, 'Solid choice', 'Reliable performer. I use it alongside my Premium Widget for lighter tasks. The aluminum body holds up well over time.', true, 9),
  (10, 'GDG-004', 4, 'Handy keychain gadget', 'Perfect for quick checks when I do not want to dig out my full-size gadget.', true, 5),
  (16, 'GDG-002', 5, 'Team favorite', 'We have four of these in our lab and they are the most-used tools on the bench. The Node.js SDK makes automation straightforward.', true, 22),
  (35, 'ACC-003', 5, 'Travel essential', 'This is the only charger I pack now. Works in every country, charges everything. The foldable prongs are a nice touch.', true, 13),
  (46, 'WDG-005', 4, 'Decent entry point', 'Good enough for basic tasks and the price is right. The eco packaging is a plus.', true, 4);

-- Audit Log (30 entries)
INSERT INTO audit_log (entity_type, entity_id, action, actor, details, ip_address, user_agent) VALUES
  ('USER', '1', 'REGISTERED', 'system', '{"method": "email", "source": "web"}', '192.168.1.100', 'Mozilla/5.0 Chrome/120'),
  ('USER', '1', 'LOGIN', 'alice@example.com', '{"method": "password", "mfa": false}', '192.168.1.100', 'Mozilla/5.0 Chrome/120'),
  ('USER', '1', 'PROFILE_UPDATE', 'alice@example.com', '{"fields_changed": ["phone", "preferences"]}', '192.168.1.100', 'Mozilla/5.0 Chrome/120'),
  ('ORDER', '1', 'CREATED', 'alice@example.com', '{"items": 3, "total_cents": 3847}', '192.168.1.100', 'Mozilla/5.0 Chrome/120'),
  ('ORDER', '1', 'PAYMENT_AUTHORIZED', 'stripe_webhook', '{"payment_ref": "ch_abc001", "amount": 3847}', '52.89.214.238', 'Stripe/1.0'),
  ('ORDER', '1', 'SHIPPED', 'fulfillment_service', '{"carrier": "FedEx", "tracking": "FX-111222333"}', '10.0.0.50', 'FulfillmentBot/2.1'),
  ('ORDER', '1', 'DELIVERED', 'carrier_webhook', '{"signed_by": "A. Johnson"}', '54.172.89.123', 'FedEx-Webhook/1.0'),
  ('USER', '2', 'REGISTERED', 'system', '{"method": "google_oauth", "source": "web"}', '10.20.30.40', 'Mozilla/5.0 Firefox/121'),
  ('ORDER', '3', 'CREATED', 'bob@example.com', '{"items": 2, "total_cents": 2748}', '10.20.30.40', 'MobileApp/3.2'),
  ('ORDER', '3', 'SHIPPED', 'fulfillment_service', '{"carrier": "UPS", "tracking": "UP-444555666"}', '10.0.0.50', 'FulfillmentBot/2.1'),
  ('USER', '5', 'TIER_UPGRADE', 'loyalty_engine', '{"from": "gold", "to": "platinum", "reason": "spend_threshold"}', '10.0.0.100', 'LoyaltyEngine/1.0'),
  ('ORDER', '4', 'CREATED', 'carol@example.com', '{"items": 1, "total_cents": 10999}', '172.16.0.50', 'Mozilla/5.0 Safari/17'),
  ('INVENTORY', 'GDG-003', 'LOW_STOCK_ALERT', 'inventory_monitor', '{"quantity_available": 50, "threshold": 100}', '10.0.0.75', 'InventoryMonitor/1.5'),
  ('ORDER', '5', 'CREATED', 'dave@example.com', '{"items": 1, "total_cents": 2198}', '192.168.5.25', 'Mozilla/5.0 Chrome/120'),
  ('ORDER', '5', 'CANCELLED', 'dave@example.com', '{"reason": "changed_mind", "refund_initiated": true}', '192.168.5.25', 'Mozilla/5.0 Chrome/120'),
  ('ORDER', '5', 'REFUNDED', 'stripe_webhook', '{"refund_ref": "re_ghi001", "amount": 2198}', '52.89.214.238', 'Stripe/1.0'),
  ('USER', '21', 'LOGIN', 'admin@example.com', '{"method": "password", "mfa": true, "ip_country": "US"}', '10.0.0.1', 'Mozilla/5.0 Chrome/120'),
  ('USER', '21', 'ADMIN_ACTION', 'admin@example.com', '{"action": "view_dashboard", "section": "orders"}', '10.0.0.1', 'Mozilla/5.0 Chrome/120'),
  ('COUPON', 'SUMMER15', 'ACTIVATED', 'admin@example.com', '{"valid_from": "2026-06-01", "valid_until": "2026-08-31"}', '10.0.0.1', 'AdminPanel/1.0'),
  ('ORDER', '12', 'CREATED', 'leo@example.com', '{"items": 1, "total_cents": 30799, "corporate": true}', '172.16.10.5', 'Mozilla/5.0 Chrome/120'),
  ('ORDER', '12', 'PAYMENT_AUTHORIZED', 'stripe_webhook', '{"payment_ref": "ch_yz001", "amount": 30799}', '52.89.214.238', 'Stripe/1.0'),
  ('ORDER', '12', 'SHIPPED', 'fulfillment_service', '{"carrier": "FedEx", "tracking": "FX-CORP-001", "priority": "express"}', '10.0.0.50', 'FulfillmentBot/2.1'),
  ('INVENTORY', 'WDG-001', 'RESTOCK', 'warehouse_system', '{"added": 200, "new_total": 500, "purchase_order": "PO-2026-R001"}', '10.0.0.60', 'WarehouseAPI/2.0'),
  ('USER', '37', 'REGISTERED', 'system', '{"method": "email", "source": "referral", "referred_by": "user_29"}', '76.89.123.45', 'Mozilla/5.0 Chrome/120'),
  ('ORDER', '22', 'CREATED', 'isla@example.com', '{"items": 1, "total_cents": 16499}', '76.89.123.45', 'Mozilla/5.0 Chrome/120'),
  ('REVIEW', '1', 'PUBLISHED', 'moderation_bot', '{"sku": "WDG-001", "rating": 5, "auto_approved": true}', '10.0.0.80', 'ModerationBot/1.2'),
  ('USER', '44', 'LOGIN', 'paul@example.com', '{"method": "sso", "provider": "okta", "corporate": true}', '172.16.20.15', 'Mozilla/5.0 Chrome/120'),
  ('ORDER', '27', 'CREATED', 'paul@example.com', '{"items": 1, "total_cents": 10999, "corporate": true}', '172.16.20.15', 'Mozilla/5.0 Chrome/120'),
  ('SYSTEM', 'DB', 'BACKUP_COMPLETED', 'cron_scheduler', '{"size_mb": 256, "duration_seconds": 12, "destination": "s3://backups/2026-06-25"}', '10.0.0.10', 'CronScheduler/1.0'),
  ('SYSTEM', 'CACHE', 'FLUSH', 'admin@example.com', '{"reason": "deployment", "keys_cleared": 1847}', '10.0.0.1', 'AdminPanel/1.0');

-- Notifications (25)
INSERT INTO notifications (user_id, channel, subject, body, metadata, status, sent_at, read_at) VALUES
  (1, 'email', 'Welcome to our store!', 'Hi Alice, welcome! Use code WELCOME10 for 10% off your first order.', '{"template": "welcome", "coupon": "WELCOME10"}', 'sent', '2026-01-01 10:00:00', '2026-01-01 10:15:00'),
  (1, 'email', 'Order Confirmed: #1', 'Your order #1 has been confirmed. Total: $38.47. We will notify you when it ships.', '{"template": "order_confirmed", "order_id": 1}', 'sent', '2026-01-15 10:31:00', '2026-01-15 10:45:00'),
  (1, 'email', 'Your order has shipped!', 'Order #1 is on its way! Tracking: FX-111222333 via FedEx.', '{"template": "order_shipped", "order_id": 1, "carrier": "FedEx", "tracking": "FX-111222333"}', 'sent', '2026-01-16 08:01:00', '2026-01-16 09:00:00'),
  (1, 'sms', 'Order delivered', 'Your order #1 has been delivered! Rate your purchase at shop.example.com/review', '{"template": "order_delivered", "order_id": 1}', 'sent', '2026-01-19 14:23:00', NULL),
  (2, 'email', 'Welcome to our store!', 'Hi Bob, welcome aboard!', '{"template": "welcome"}', 'sent', '2026-02-01 09:00:00', '2026-02-01 12:00:00'),
  (2, 'email', 'Order Confirmed: #3', 'Your order #3 has been confirmed.', '{"template": "order_confirmed", "order_id": 3}', 'sent', '2026-03-05 09:01:00', '2026-03-05 10:00:00'),
  (3, 'email', 'Welcome to our store!', 'Hi Carol, welcome!', '{"template": "welcome"}', 'sent', '2026-01-15 08:00:00', NULL),
  (4, 'email', 'Order Cancelled: #5', 'Your order #5 has been cancelled. Refund of $21.98 will be processed within 3-5 business days.', '{"template": "order_cancelled", "order_id": 5, "refund_amount": 2198}', 'sent', '2026-03-20 11:01:00', '2026-03-20 11:30:00'),
  (5, 'email', 'Congratulations! You reached Platinum!', 'Hi Eve, you have been upgraded to Platinum tier. Enjoy exclusive benefits and early access to new products.', '{"template": "tier_upgrade", "new_tier": "platinum"}', 'sent', '2026-03-01 08:00:00', '2026-03-01 09:15:00'),
  (5, 'push', 'Platinum tier unlocked!', 'You are now a Platinum member. Check your new benefits!', '{"template": "tier_upgrade_push"}', 'sent', '2026-03-01 08:00:00', '2026-03-01 08:05:00'),
  (11, 'email', 'Order Confirmed: #12', 'Your corporate order #12 has been confirmed. PO: PO-2026-0042.', '{"template": "order_confirmed", "order_id": 12, "corporate": true}', 'sent', '2026-01-20 09:01:00', '2026-01-20 09:30:00'),
  (12, 'email', 'Order Confirmed: #13', 'Your order #13 has been confirmed.', '{"template": "order_confirmed", "order_id": 13}', 'sent', '2026-02-05 12:01:00', '2026-02-05 14:00:00'),
  (1, 'email', 'Leave a review?', 'Hi Alice, how are you enjoying your Standard Widget? Leave a review and help other customers.', '{"template": "review_request", "sku": "WDG-001"}', 'sent', '2026-01-26 10:00:00', '2026-01-26 18:00:00'),
  (19, 'email', 'Order Confirmed: #19', 'Your lab order has been confirmed. 2x Pro Gadgets and calibration kit.', '{"template": "order_confirmed", "order_id": 19}', 'sent', '2026-02-20 08:01:00', '2026-02-20 08:30:00'),
  (37, 'email', 'Welcome to our store!', 'Hi Isla, welcome! You were referred by a friend — enjoy 15% off your first order.', '{"template": "welcome_referral", "referred_by": "user_29", "coupon": "REF15"}', 'sent', '2026-03-25 10:00:00', '2026-03-25 10:20:00'),
  (21, 'email', 'Weekly admin digest', 'Orders: 147 this week (+12% vs last week). Revenue: $89,234. Top seller: WDG-001 (43 units).', '{"template": "admin_digest", "period": "2026-W12"}', 'sent', '2026-03-23 06:00:00', '2026-03-23 08:00:00'),
  (44, 'email', 'Corporate account activated', 'Hi Paul, your corporate account has been approved. SSO login is now available.', '{"template": "corporate_activated"}', 'sent', '2026-05-15 09:00:00', '2026-05-15 09:10:00'),
  (1, 'email', 'Summer Sale: 15% off everything!', 'Hi Alice, our biggest sale of the year is here. Use SUMMER15 at checkout.', '{"template": "promo_blast", "coupon": "SUMMER15", "campaign": "summer-2026"}', 'sent', '2026-06-01 06:00:00', '2026-06-01 07:30:00'),
  (5, 'email', 'Summer Sale: 15% off everything!', 'Hi Eve, as a Platinum member you get early access. Use SUMMER15 at checkout.', '{"template": "promo_blast_vip", "coupon": "SUMMER15", "campaign": "summer-2026"}', 'sent', '2026-05-31 18:00:00', '2026-05-31 18:10:00'),
  (12, 'push', 'Price drop alert!', 'Gadget Studio is now 10% off for a limited time.', '{"template": "price_alert", "sku": "GDG-005"}', 'sent', '2026-06-10 12:00:00', '2026-06-10 12:05:00'),
  (7, 'email', 'Your order has shipped!', 'Order #8 is on its way! Tracking: via FedEx.', '{"template": "order_shipped", "order_id": 8}', 'sent', '2026-05-01 16:01:00', NULL),
  (25, 'email', 'Order Confirmed: #20', 'Your order has been confirmed.', '{"template": "order_confirmed", "order_id": 20}', 'sent', '2026-05-25 15:01:00', '2026-05-25 16:00:00'),
  (42, 'email', 'Payment pending', 'Your order #30 is awaiting payment confirmation.', '{"template": "payment_pending", "order_id": 30}', 'pending', NULL, NULL),
  (50, 'email', 'Order Confirmed: #36', 'Your order has been confirmed.', '{"template": "order_confirmed", "order_id": 36}', 'pending', NULL, NULL),
  (3, 'email', 'We miss you!', 'Hi Carol, it has been a while since your last visit. Here is 20% off your next order with code COMEBACK20.', '{"template": "win_back", "coupon": "COMEBACK20"}', 'sent', '2026-06-15 10:00:00', NULL);
